Id,ORGANIZATION,NAME,GENDER,SPECIALITY,ADDRESS,CITY,STATE,ZIP,LAT,LON,UTILIZATION
f22fff47-9917-3330-b52a-3125d27ab60b,ef58ea08-d883-3957-8300-150554edc8fb,Ernesto186 Soto31,M,GENERAL PRACTICE,60 HOSPITAL ROAD,LEOMINSTER,MA,01453,42.520838,-71.770876,188
8e988d79-8dbf-3cba-ac5c-f1f589ab9ead,69176529-fd1f-3b3f-abce-a0a3626769eb,Janette321 Fisher429,F,GENERAL PRACTICE,330 MOUNT AUBURN STREET,CAMBRIDGE,MA,02138,42.375967,-71.118275,58
fc7807f8-fbb7-3311-bb18-4e5100df774c,f1fbcbfb-fcfa-3bd2-b7f4-df20f1b3c3a4,Dagny669 Wyman904,F,GENERAL PRACTICE,ONE GENERAL STREET,LAWRENCE,MA,01842,42.700273,-71.161357,674
54849678-16d5-3daf-a34f-d29022a50fe5,e002090d-4e92-300e-b41e-7d1f21dee4c6,Wilfredo622 Medhurst46,M,GENERAL PRACTICE,1493 CAMBRIDGE STREET,CAMBRIDGE,MA,02138,42.375967,-71.118275,148
56f518eb-8456-3e4d-b604-bb1e5018612f,ef6ab57c-ed94-3dbe-9861-812d515918b3,Agustín529 Pérez790,M,GENERAL PRACTICE,88 LEWIS BAY ROAD,HYANNIS,MA,02601,41.748854,-70.74053599999998,77
e7586042-c8da-3d71-b55b-d3b7d3294b0c,49318f80-bd8b-3fc7-a096-ac43088b0c12,Bernard308 Carter549,M,GENERAL PRACTICE,30 LOCUST STREET,NORTHAMPTON,MA,01060,42.327044,-72.67463000000002,91
5e597c82-e9c6-3289-90b9-2891e2a27547,fbf6180e-b800-3ebe-b91d-93d0288c400e,Jodie811 Wintheiser220,F,GENERAL PRACTICE,164 HIGH STREET,GREENFIELD,MA,01301,42.614671,-72.597063,235
a278387a-c3f0-3cbc-b735-67b8dcd76dfc,8b58cdd1-3d79-3126-8fe0-da2c54d6805c,Margaret865 Herzog843,F,GENERAL PRACTICE,2100 DORCHESTER AVENUE,BOSTON,MA,02124,42.33196,-71.020173,35
26676142-a08e-3790-ae9d-86d7c0312de6,4bdaa4c2-c664-3089-aee2-7137abbad27f,Delta800 Quigley282,F,GENERAL PRACTICE,100 SOUTH STREET,SOUTHBRIDGE,MA,01550,42.059669,-72.03404,27
12cae220-99a1-3066-bbb5-0f3e2fd04c81,ecc51621-0af3-3b35-ac3e-8b1e34022e92,Cecille691 Halvorson124,F,GENERAL PRACTICE,795 MIDDLE STREET,FALL RIVER,MA,02721,41.725351,-71.094162,64
23f9dd46-cce6-31eb-8254-f8ff0235e0a7,37b4d73f-652d-3033-a16e-d97b9e8b4cda,Jerold208 Spencer878,M,GENERAL PRACTICE,25 HIGHLAND AVENUE,NEWBURYPORT,MA,01950,42.812141,-70.886646,157
58bd2a6b-fa88-32b0-b1ab-219e4e437ef6,5844ad77-f653-3c2b-b7dd-e97576ab3b03,Franklin857 Bayer639,M,GENERAL PRACTICE,40 WRIGHT STREET,PALMER,MA,01069,42.187794,-72.30846899999997,10
605bb131-b177-320d-8c63-91e28df336ca,08bcda9c-f8c8-3244-82d4-fc306a7a55d3,Jesus702 Crona259,M,GENERAL PRACTICE,1 BOSTON MEDICAL CENTER PLACE,BOSTON,MA,02118,42.33196,-71.020173,71
f022f6b0-717e-31cb-a356-2fdbc5ea72ae,4861d01f-019c-3dac-a153-8334e50919f9,Ellan282 Jacobi462,F,GENERAL PRACTICE,81 HIGHLAND AVENUE,SALEM,MA,01970,42.50128,-70.897502,47
78b11b52-6457-3532-b0b3-eeb6086a24c5,a0b6ec0c-e587-3b2a-bf9f-248849f29ee5,Edmundo94 Leffler128,M,GENERAL PRACTICE,736 CAMBRIDGE STREET,BRIGHTON,MA,02135,42.33196,-71.020173,4
0cddd989-1e95-38df-a8b3-60353ae056cf,4f3a530e-a2f7-3de0-9a09-c0a70a9ab894,Russel238 Walker122,M,GENERAL PRACTICE,725 NORTH STREET,PITTSFIELD,MA,01201,42.452045,-73.26054,429
4c9a7a25-b209-39bd-8004-3ebf28655d13,f71ce1a9-cca7-3295-9a1e-c88ac3479b6f,Marvin195 Glover433,M,GENERAL PRACTICE,157 UNION STREET,MARLBOROUGH,MA,01752,42.349617,-71.547214,60
e8482caa-5ddb-3211-9e82-950457bb121c,c44f361c-2efb-3050-8f97-0354a12e2920,Louetta798 Thompson596,F,GENERAL PRACTICE,680 CENTER STREET,BROCKTON,MA,02302,42.082543,-71.024638,178
57972b92-8eba-3f7d-a0d9-b69b74bf27b1,331f4c11-d298-308b-aaa1-d7825b29b57f,Stanley702 Langosh790,M,GENERAL PRACTICE,201 HIGHLAND STREET,CLINTON,MA,01510,42.411887,-71.690005,80
fa2c43e3-f7be-3cf5-9a2a-057efb9beaf8,b1ddf812-1fdd-3adf-b1d5-32cc8bd07ebb,Amos720 Jacobson885,M,GENERAL PRACTICE,275 SANDWICH STREET,PLYMOUTH,MA,02360,41.897892,-70.62403,293
e6fefc45-edd6-3549-b65f-3df927fe9e18,6be05ccf-ef94-341f-a2a3-1cf9bfde1b18,Nathanael908 Friesen796,M,GENERAL PRACTICE,107 LINCOLN STREET,WORCESTER,MA,01605,42.269478,-71.807783,79
f02d8014-fc26-3480-b645-f904a7aa8d54,b0e04623-b02c-3f8b-92ea-943fc4db60da,Willena258 Oberbrunner298,F,GENERAL PRACTICE,295 VARNUM AVENUE,LOWELL,MA,01854,42.638893,-71.32210699999997,296
0e76491d-b594-3233-a61f-c8c881368e13,ebc3f5c4-6700-34af-8323-85621c313726,Benedict104 Ziemann98,M,GENERAL PRACTICE,115 WEST SILVER STREET,WESTFIELD,MA,01085,42.138838,-72.755911,70
aa428fc2-6ad8-3236-ae19-94f42771b755,fd328395-ab1d-35c6-a2d0-d05a9a79cf11,Lurlene215 Windler79,F,GENERAL PRACTICE,271 CAREW STREET,SPRINGFIELD,MA,01104,42.115454,-72.539978,9
29571861-03a8-3ee9-ae97-6663b9b57949,d692e283-0833-3201-8e55-4f868a9c0736,Damaris45 Borer986,F,GENERAL PRACTICE,585 LEBANON STREET,MELROSE,MA,02176,42.455723,-71.05901899999998,29
d6d01bd4-1a38-3150-bf48-f2b020599867,d78e84ec-30aa-3bba-a33a-f29a3a454662,Jaclyn627 Kuhic920,F,GENERAL PRACTICE,55 FRUIT STREET,BOSTON,MA,02114,42.33196,-71.020173,34
d0f5a8f6-59bf-35b6-91bb-b14a87afd899,8ad64ecf-c817-3753-bee7-006a8e662e06,Antwan357 Harris789,M,GENERAL PRACTICE,88 WASHINGTON STREET,TAUNTON,MA,02780,41.903323,-71.094984,238
2fe7b45b-e4e0-3740-ba59-8ebfaac77a42,23834663-ed53-3da9-b330-d6e1ecb8428e,Isreal8 Kihn564,M,GENERAL PRACTICE,363 HIGHLAND AVENUE,FALL RIVER,MA,02720,41.725351,-71.094162,286
efd241b7-0fdb-3a50-add3-aa93db48d21f,44bef9d3-91c2-3005-93e0-ccf436348ff0,Nelda514 Blanda868,F,GENERAL PRACTICE,243 CHARLES STREET,BOSTON,MA,02114,42.33196,-71.020173,2
fe9cde3d-32f2-34f7-a0f6-1d0f868e70d2,60457c13-adb2-3415-82c5-86ab5dab5f93,Henry768 Paucek755,M,GENERAL PRACTICE,759 CHESTNUT STREET,SPRINGFIELD,MA,01199,42.115454,-72.539978,87
cba1e1f7-937c-30e9-a993-547b0f7d8e16,7fb56531-86bd-3e4a-8619-4df9942da309,Jenniffer979 Ebert178,F,GENERAL PRACTICE,148 CHESTNUT STREET,NEEDHAM,MA,02494,42.281593,-71.242414,29
d899212b-7166-3b28-9c34-02d19b6b30c2,03347b4d-994e-302b-848b-58019a4e274d,Alix578 Lynch190,F,GENERAL PRACTICE,133 OLD ROAD TO 9 ACRE CORNER,W CONCORD,MA,01742,42.269478,-71.807783,14
cda8bcd9-d0f8-337d-a5a5-20140818209f,cb6a50e0-af76-3758-99ad-3200ede03fff,Lorenzo669 Cummings51,M,GENERAL PRACTICE,330 BROOKLINE AVENUE,BOSTON,MA,02215,42.33196,-71.020173,4
63551a26-6f7f-3d21-a85b-d038336162c6,9a7149fa-49fc-3c87-b935-d29c55808717,Rudolf736 Mayert710,M,GENERAL PRACTICE,125 PARKER HILL AVENUE,BOSTON,MA,02120,42.33196,-71.020173,2
521bf527-6228-3808-a986-46845a6befcb,24cb4eab-6166-3530-bddc-a5a8a14a4fc1,Wilton999 Pollich983,M,GENERAL PRACTICE,14 PROSPECT STREET,MILFORD,MA,01757,42.158692,-71.521419,174
f3ccf4cc-e37e-30eb-9c47-50f1aab16093,e44f438a-601b-30fb-85eb-bfaf8ddcb5ad,Domenica436 Tremblay80,F,GENERAL PRACTICE,242 GREEN STREET,GARDNER,MA,01440,42.586516,-71.988062,290
3acb1155-114d-33cf-85a4-148ed7373255,ac8356a5-78f8-3a63-8a1e-59e832fd54e7,Grady603 Green467,M,GENERAL PRACTICE,200 GROTON ROAD,AYER,MA,01432,42.562221,-71.58484399999998,133
c9faa732-82ae-318e-a0f0-ebbce2a96947,db0acede-4abe-3c01-8d03-5c68a190d8c7,Daren950 Nienow652,M,GENERAL PRACTICE,55 FOGG ROAD,SOUTH WEYMOUTH,MA,02190,42.24158900000001,-71.082651,16
471a9d12-7061-3c93-b7a2-1d26774676d3,3d10019f-c88e-3de5-9916-6107b9c0263d,Darrick836 Franecki195,M,GENERAL PRACTICE,2014 WASHINGTON STREET,NEWTON,MA,02462,42.331876,-71.208402,111
8960202b-c69a-341a-b7ae-1c3704a051ae,f4e7709c-02f6-37ca-aeea-8247d74e88e7,Andrea7 Hirthe744,M,GENERAL PRACTICE,41 HIGHLAND AVENUE,WINCHESTER,MA,01890,42.452752,-71.144319,453
1a424fd0-475b-3b6c-8866-81ccf32f148d,12c9daf5-a29c-36c9-ac55-28972463e566,Patria17 Rutherford999,F,GENERAL PRACTICE,199 REEDSDALE ROAD,MILTON,MA,02186,42.24158900000001,-71.082651,129
6cbf3ac8-0970-38f2-a005-4327de572c14,27379046-608b-32f0-9df7-8c833cf5d11d,Abel832 Mosciski958,M,GENERAL PRACTICE,75 FRANCIS STREET,BOSTON,MA,02115,42.33196,-71.020173,2
a2add41d-5aa3-360a-a028-aee525f3ff5b,226098a2-6a40-3588-b5bb-db56c3a30a04,Hal307 Renner328,M,GENERAL PRACTICE,235 NORTH PEARL STREET,BROCKTON,MA,02301,42.082543,-71.024638,239
6c7e3ec0-0412-32ad-86d2-e8ea8be1769c,b7175ab4-bde5-3848-891b-579bccb77c7c,Fritz267 Conroy74,M,GENERAL PRACTICE,800 WASHINGTON STREET,BOSTON,MA,02111,42.33196,-71.020173,1
e3d24e60-1fbd-3abd-8ded-d4d2a0fa11b3,3bd5eda0-16da-3ba5-8500-4dfd6ae118b8,Courtney281 Bradtke547,M,GENERAL PRACTICE,800 WASHINGTON STREET,NORWOOD,MA,02062,42.18736,-71.195955,10
b48983de-fe68-3722-90a5-8993434850b7,f99c74cc-7d1a-3f95-9a33-4a9357bf2f2a,Iluminada398 Mueller846,F,GENERAL PRACTICE,55 LAKE AVENUE NORTH,WORCESTER,MA,01655,42.269478,-71.807783,27
9270920e-1945-325e-9036-2f7058dd1026,6f122869-a856-3d65-8db9-099bf4f5bbb8,Jarrod316 Crooks415,M,GENERAL PRACTICE,41 & 45 MALL ROAD,BURLINGTON,MA,01803,42.503227,-71.201713,41
5b0f1642-0666-3d76-914d-7691de507709,465de31f-3098-365c-af70-48a071e1f5aa,Alta896 Schiller186,F,GENERAL PRACTICE,115 LINCOLN STREET,FRAMINGHAM,MA,01701,42.307905,-71.436196,56
3196ccd2-25a1-3836-a1b9-26b471e80141,1eaf97fa-9de6-38de-a9c4-6efe5dc574be,Aline709 Turner526,F,GENERAL PRACTICE,123 SUMMER STREET,WORCESTER,MA,01608,42.269478,-71.807783,158
6d88bbeb-9b16-3718-9fb6-121db6d360ae,80e919cc-df1a-3838-b75e-541564a286e5,Leesa210 Lehner980,F,GENERAL PRACTICE,57 PROSPECT STREET,NANTUCKET,MA,02554,41.293416,-70.10216899999999,115
2e9af3ec-7f42-3870-9b78-4ed088e5ee31,8e00f524-3a5f-313e-9542-378dfc61193f,Rodrick370 Corkery305,M,GENERAL PRACTICE,ONE HOSPITAL ROAD  FIRST FL  WING 5   PO BOX 1477,OAK BLUFFS,MA,02557,41.45716,-70.556101,122
5de097eb-e714-38d6-af98-6a79931ec209,161a799c-4894-36f6-8ca7-2a71c8107f79,Eboni653 Torp761,F,GENERAL PRACTICE,2033 MAIN STREET,ATHOL,MA,01331,42.593384,-72.230228,66
318b756e-9220-3ac2-9219-35957693eb26,956ccb85-bea0-30f9-af48-52f5dd95ff72,Irwin931 Ankunding277,M,GENERAL PRACTICE,30 WARREN STREET,BRIGHTON,MA,02135,42.33196,-71.020173,1
e87ed332-4140-3dc1-ad8d-8b92f2a0b078,d7b11827-25f2-350b-bcd8-939fc59851b0,Annika454 Murazik203,F,GENERAL PRACTICE,300 LONGWOOD AVENUE,BOSTON,MA,02115,42.33196,-71.020173,9
e8205e15-91b0-3610-af2e-5611353779ac,5103c940-0c08-392f-95cd-446e0cea042a,Harris789 Funk324,M,GENERAL PRACTICE,516 CAREW STREET,SPRINGFIELD,MA,01104,42.115454,-72.539978,3
a01e13b2-98cc-37e0-a3a3-909c71f40843,be4c63f3-8d38-3fa9-a183-62045b5c85f6,Sondra191 Botsford977,F,GENERAL PRACTICE,150 South Huntington Avenue,Jamaica Plain,MA,02130,42.32809,-71.11076,192
0d47c878-1d8f-3a83-9b76-ac5250709852,0b78995f-8b45-34d3-969d-afcc456bb1c7,Wes853 Anderson154,M,GENERAL PRACTICE,175 Elm Street,New Bedford,MA,02740,41.635937,-70.92991,94
8c7114c8-9877-3cc6-957a-9c6ff6195055,de7eebed-6d89-3e62-b8d3-59d80c664399,Nanci249 Nitzsche158,F,GENERAL PRACTICE,73 Eagle Street,Pittsfield,MA,01201,42.451427,-73.25195,69
e9290589-5a79-36d2-acbc-2d444db7a63b,7a90ea23-6a9c-3bd0-a62a-a462adbeee60,Kendrick479 Schroeder447,M,CLINICAL SOCIAL WORKER,132 FRONT ST,SCITUATE,MA,02066-1386,42.205062,-70.74297800000001,0
68561847-beca-30f5-a684-511c184a395d,7a90ea23-6a9c-3bd0-a62a-a462adbeee60,Ceola914 Murphy561,F,CLINICAL SOCIAL WORKER,132 FRONT ST,SCITUATE,MA,02066-1386,42.205062,-70.74297800000001,0
6a92c2ff-5acf-32ad-97ae-5efd0fbe987e,7a90ea23-6a9c-3bd0-a62a-a462adbeee60,Kendrick479 Schroeder447,M,GENERAL PRACTICE,132 FRONT ST,SCITUATE,MA,02066-1386,42.205062,-70.74297800000001,34
6b5cc967-ca31-3fa9-a9c6-6432c1af4174,b7b40287-83bb-396b-a2c6-eb74e3265d4e,Mack300 Stamm704,M,GENERAL PRACTICE,1180 BEACON ST,BROOKLINE,MA,02446-3806,42.323853,-71.142003,37
3f6a9d86-cd1d-357d-bd19-ba88868644da,973e7384-d05b-32ad-a8cc-c39191ee9150,Tonisha838 Sauer652,F,GENERAL PRACTICE,152 N ST,PITTSFILED,MA,01201,42.452045,-73.26054,28
2417b598-5c54-3c31-9838-a0113fd0e353,e72c6935-66fe-36b4-90ab-b3e958b57fba,Huey641 Prohaska837,M,PSYCHIATRY,23 ISAAC ST,MIDDLEBORO,MA,02346-2080,41.894223,-70.925689,0
f95e1d27-e073-38db-ad37-b72dec699cfc,e72c6935-66fe-36b4-90ab-b3e958b57fba,Wendell199 Leannon79,M,PSYCHIATRY,23 ISAAC ST,MIDDLEBORO,MA,02346-2080,41.894223,-70.925689,0
983a6449-6c17-34f1-a28e-9468be2880c9,e72c6935-66fe-36b4-90ab-b3e958b57fba,Raylene798 Bergstrom287,F,PSYCHIATRY,23 ISAAC ST,MIDDLEBORO,MA,02346-2080,41.894223,-70.925689,0
7bb3a80b-eb1c-3535-816d-35d5e66284e2,e72c6935-66fe-36b4-90ab-b3e958b57fba,Columbus656 Torp761,M,PSYCHIATRY,23 ISAAC ST,MIDDLEBORO,MA,02346-2080,41.894223,-70.925689,0
79137197-7845-336b-a292-275c8a0a6269,e72c6935-66fe-36b4-90ab-b3e958b57fba,Micaela928 Prohaska837,F,CLINICAL SOCIAL WORKER,23 ISAAC ST,MIDDLEBORO,MA,02346-2080,41.894223,-70.925689,0
df6fef4e-ebf3-35a9-b705-001e191009b0,e72c6935-66fe-36b4-90ab-b3e958b57fba,Huey641 Prohaska837,M,GENERAL PRACTICE,23 ISAAC ST,MIDDLEBORO,MA,02346-2080,41.894223,-70.925689,52
d6954096-068b-395a-8835-0bd1cc1f2bf2,06eff9e0-c5b4-39ed-8273-2f29cf5d3185,Kermit56 Greenholt190,M,CLINICAL SOCIAL WORKER,464 GRANITE AVE,MILTON,MA,02186-5625,42.241557,-71.082432,0
49a70340-a550-32e3-bd3c-0e13cc33635e,06eff9e0-c5b4-39ed-8273-2f29cf5d3185,Roger751 Bruen238,M,CLINICAL SOCIAL WORKER,464 GRANITE AVE,MILTON,MA,02186-5625,42.241557,-71.082432,0
9d8c8cdc-5999-3809-ad29-a823af73d19e,06eff9e0-c5b4-39ed-8273-2f29cf5d3185,Kermit56 Greenholt190,M,GENERAL PRACTICE,464 GRANITE AVE,MILTON,MA,02186-5625,42.241557,-71.082432,68
ee5add30-f9a4-3d8f-8619-8778018ac557,05b06130-e01d-3303-8c21-3ae6c1446ba8,Ilana185 Schinner682,F,PSYCHIATRY,37 ALGONQUIN AVE,ANDOVER,MA,01810-5527,42.648044,-71.161751,0
6427bd8e-f394-3f49-bc25-dd60ad680960,05b06130-e01d-3303-8c21-3ae6c1446ba8,Toney527 Schinner682,M,GENERAL PRACTICE,37 ALGONQUIN AVE,ANDOVER,MA,01810-5527,42.648044,-71.161751,58
469a4d16-54d9-3a04-a860-762a288a44d7,daa4c408-5fc5-32a8-881e-12181e8b8598,Alexa171 Renner328,F,PSYCHIATRY,11 PROSPECT ST,SHERBORN,MA,01770-1302,42.231947,-71.372963,0
f49185da-1791-3772-87f6-35496dc8ae9d,daa4c408-5fc5-32a8-881e-12181e8b8598,Alexa171 Renner328,F,GENERAL PRACTICE,11 PROSPECT ST,SHERBORN,MA,01770-1302,42.231947,-71.372963,37
a5dec617-562e-3579-b392-e18de1d42136,908921eb-7b1d-3425-86ed-5919a9c01b6a,Ricky354 Mann644,M,OPTOMETRY,269 LOCUST ST,FLORENCE,MA,01062-2053,42.327044,-72.67463000000002,0
3f8ea32b-3fe3-39e3-8b6c-e37b2839abac,908921eb-7b1d-3425-86ed-5919a9c01b6a,Cheryll577 Mann644,F,OPHTHALMOLOGY,269 LOCUST ST,FLORENCE,MA,01062-2053,42.327044,-72.67463000000002,0
c5d14693-2192-30e4-aadd-6ac0ef84526e,908921eb-7b1d-3425-86ed-5919a9c01b6a,Ricky354 Mann644,M,GENERAL PRACTICE,269 LOCUST ST,FLORENCE,MA,01062-2053,42.327044,-72.67463000000002,90
3853e4b8-14ef-3399-8741-5227c0ca3734,6a576642-a046-3dd9-aea4-eec846398490,Sofia418 Pérez790,F,OPTOMETRY,19 WEBSTER SQUARE,MARSHFIELD,MA,02050-3468,42.115139,-70.71033100000001,0
558b9762-57ac-31cc-bb27-e42beff49c43,6a576642-a046-3dd9-aea4-eec846398490,Lea264 Bechtelar572,F,GENERAL PRACTICE,19 WEBSTER SQUARE,MARSHFIELD,MA,02050-3468,42.115139,-70.71033100000001,65
831700b7-42e3-3563-bfc5-67738ad4d3e4,25b58aaf-3bec-3cea-bf56-a95ba7c34def,Isiah14 Lesch175,M,OPTOMETRY,180 BOLTON ST,MARLBOROUGH,MA,01752-3934,42.349616999999995,-71.547214,0
ea3050fd-350c-3ea2-ab2b-93490233beae,25b58aaf-3bec-3cea-bf56-a95ba7c34def,Eileen854 Lesch175,F,GENERAL PRACTICE,180 BOLTON ST,MARLBOROUGH,MA,01752-3934,42.349616999999995,-71.547214,31
bdea24a0-81a1-3643-a3b0-953b86080d96,f0f86560-e984-3bb4-b93e-480bb4691e0f,Mariah942 Kiehn525,F,GENERAL PRACTICE,500 MAIN ST,WILBRAHAM,MA,01095-1658,42.126883,-72.430952,7
c662eb6a-d790-3fc0-a18d-75ef73f23f92,d671d0c2-8451-3b7b-8eca-2143a975159d,Natalya468 Carter549,F,PSYCHIATRY,10 DEER RUN,WAYLAND,MA,01778-3209,42.360427,-71.361099,0
9f0075c2-d001-3638-ba1f-0ae0ba6e6dde,d671d0c2-8451-3b7b-8eca-2143a975159d,Natalya468 Carter549,F,GENERAL PRACTICE,10 DEER RUN,WAYLAND,MA,01778-3209,42.360427,-71.361099,28
66362d5e-dc07-3834-a12d-a560bdcb6d61,a3f3508a-4ed2-3a9e-8580-0d325e3d3457,Mina319 Boehm581,F,CLINICAL PSYCHOLOGIST,450 MAIN ST,FISKDALE,MA,01518-1296,42.124762,-72.110888,0
7676cf60-0197-3bfd-b91a-498f7d005924,a3f3508a-4ed2-3a9e-8580-0d325e3d3457,Mina319 Boehm581,F,GENERAL PRACTICE,450 MAIN ST,FISKDALE,MA,01518-1296,42.124762,-72.110888,19
336f4a7f-6205-3174-bbe9-ce6f802a0f3e,a3f3508a-4ed2-3a9e-8580-0d325e3d3457,Mina319 Boehm581,F,CLINICAL NURSE SPECIALIST,450 MAIN ST,FISKDALE,MA,01518-1296,42.124762,-72.110888,0
aa9900fd-0c63-3803-a0ce-766f4c6b0143,cded94db-6a8c-3c00-9eca-874e428de7f7,Adrien235 Cassin499,F,GENERAL PRACTICE,531 KING ST,LITTLETON,MA,01460-1279,42.535931,-71.490569,17
ce456381-5bf7-3943-8dcf-c6ed5305c1dd,13ac250b-43af-387a-b3ab-f50eedab3ea8,Rodney21 Bartell116,M,GENERAL PRACTICE,22 MILL ST,ARLINGTON,MA,02476-4744,42.418721999999995,-71.163912,40
279fbd5a-8706-3ef8-8b70-add5aac5f722,cd1f5054-2a98-3665-94db-572a81a2e874,Davis923 Murazik203,M,CLINICAL PSYCHOLOGIST,300 W MAIN ST,NORTHBOROUGH,MA,01532-2132,42.323342,-71.646236,0
7d768288-03a1-3ab9-a267-12547d8898b1,cd1f5054-2a98-3665-94db-572a81a2e874,Javier97 O'Reilly797,M,CLINICAL PSYCHOLOGIST,300 W MAIN ST,NORTHBOROUGH,MA,01532-2132,42.323342,-71.646236,0
7a0af8e0-16f1-3407-a168-21719d01be1a,cd1f5054-2a98-3665-94db-572a81a2e874,Estela596 Zemlak964,F,CLINICAL PSYCHOLOGIST,300 W MAIN ST,NORTHBOROUGH,MA,01532-2132,42.323342,-71.646236,0
a24c9078-d54a-3658-8be3-abc5e658a28b,cd1f5054-2a98-3665-94db-572a81a2e874,Weston546 Schroeder447,M,CLINICAL PSYCHOLOGIST,300 W MAIN ST,NORTHBOROUGH,MA,01532-2132,42.323342,-71.646236,0
0aacc85b-4d37-3c64-add0-41732c511ab5,cd1f5054-2a98-3665-94db-572a81a2e874,Barrie587 Murazik203,F,GENERAL PRACTICE,300 W MAIN ST,NORTHBOROUGH,MA,01532-2132,42.323342,-71.646236,46
295ffcbe-7408-32c7-a04e-fae3665eb053,1fde85e4-d4ad-3df7-8b63-5da077f83680,Mikki421 Moen819,F,CLINICAL PSYCHOLOGIST,489 ARLINGTON ST,DRACUT,MA,01826-5228,42.679722999999996,-71.30068,0
1c26fe4d-224b-3f75-b129-14e8b7542235,1fde85e4-d4ad-3df7-8b63-5da077f83680,Norris589 Moen819,M,GENERAL PRACTICE,489 ARLINGTON ST,DRACUT,MA,01826-5228,42.679722999999996,-71.30068,32
c2b82b9e-f40a-3b69-8f89-d8c2a76e3758,5f3a820c-2d15-32cf-85d7-b7dbf71cf3c9,Luna60 Jerde200,F,NURSE PRACTITIONER,368 FAUNCE CORNER RD,DARTMOUTH,MA,02747-1257,41.56651,-70.958229,0
11470fda-6ba7-3792-9780-7a6868e4b190,5f3a820c-2d15-32cf-85d7-b7dbf71cf3c9,Lenna704 Feeney44,F,NURSE PRACTITIONER,368 FAUNCE CORNER RD,DARTMOUTH,MA,02747-1257,41.56651,-70.958229,0
e2b43feb-0a0a-3d92-8b83-eda42b27405d,5f3a820c-2d15-32cf-85d7-b7dbf71cf3c9,Nicolás801 Benavides239,M,NURSE PRACTITIONER,368 FAUNCE CORNER RD,DARTMOUTH,MA,02747-1257,41.56651,-70.958229,0
85f0f5cd-9ce1-3c18-97f2-12cc48e7f413,5f3a820c-2d15-32cf-85d7-b7dbf71cf3c9,Omar359 Hessel84,M,NURSE PRACTITIONER,368 FAUNCE CORNER RD,DARTMOUTH,MA,02747-1257,41.56651,-70.958229,0
1b15692e-959e-32fb-bae4-f88a2ccf0c13,5f3a820c-2d15-32cf-85d7-b7dbf71cf3c9,Monte325 Ullrich385,M,NURSE PRACTITIONER,368 FAUNCE CORNER RD,DARTMOUTH,MA,02747-1257,41.56651,-70.958229,0
be8bb5fa-7377-3824-bc6d-efe716964f43,5f3a820c-2d15-32cf-85d7-b7dbf71cf3c9,Daron260 Reilly981,M,NURSE PRACTITIONER,368 FAUNCE CORNER RD,DARTMOUTH,MA,02747-1257,41.56651,-70.958229,0
591f7ddd-bfca-3e06-ac24-8e3f0ac44dcc,5f3a820c-2d15-32cf-85d7-b7dbf71cf3c9,Matt836 Jerde200,M,GENERAL PRACTICE,368 FAUNCE CORNER RD,DARTMOUTH,MA,02747-1257,41.56651,-70.958229,23
a3662b13-772d-31d9-b96c-2371ffdde108,5f3a820c-2d15-32cf-85d7-b7dbf71cf3c9,Matt836 Jerde200,M,DERMATOLOGY,368 FAUNCE CORNER RD,DARTMOUTH,MA,02747-1257,41.56651,-70.958229,0
843c37ce-bb71-3d09-887d-116d86f59bad,5f3a820c-2d15-32cf-85d7-b7dbf71cf3c9,Tommie457 Feeney44,M,DERMATOLOGY,368 FAUNCE CORNER RD,DARTMOUTH,MA,02747-1257,41.56651,-70.958229,0
2e7f2af6-2aab-3dd8-be19-2b412de469e4,5f3a820c-2d15-32cf-85d7-b7dbf71cf3c9,Jamie386 Littel644,M,DERMATOLOGY,368 FAUNCE CORNER RD,DARTMOUTH,MA,02747-1257,41.56651,-70.958229,0
5a3f718e-6867-39f7-b4e0-ca19ca05ce80,5f3a820c-2d15-32cf-85d7-b7dbf71cf3c9,Charlsie105 Hessel84,F,DERMATOLOGY,368 FAUNCE CORNER RD,DARTMOUTH,MA,02747-1257,41.56651,-70.958229,0
b9bf3003-fa2f-3782-8f4a-baa98a0cdaad,e2c63b97-bebc-31b1-ac8b-72ace3547669,Agustin437 Mosciski958,M,GENERAL PRACTICE,25 BRIDGE ST,BILLERICA,MA,01821-1023,42.559673,-71.260947,58
e6961289-137f-3f39-b5b5-490fb397a708,6f8ad572-8023-3796-8582-e3ebc6113fb7,Antonette454 Dibbert990,F,CLINICAL PSYCHOLOGIST,26 JENNIFER ST,LITTLETON,MA,01460-1709,42.535931,-71.490569,0
f9c24312-cdd3-32e4-bd70-58b0fc542333,6f8ad572-8023-3796-8582-e3ebc6113fb7,Joaquin141 Dibbert990,M,GENERAL PRACTICE,26 JENNIFER ST,LITTLETON,MA,01460-1709,42.535931,-71.490569,50
db740f6f-6e7e-3ecf-b232-309805b415d1,baad40f6-f6e8-3555-be27-8fbba66128ca,Magali989 Dach178,F,GENERAL PRACTICE,1 BROOKLINE PL,BROOKLINE,MA,02445-7277,42.323853,-71.142003,43
fa2181c8-5a8a-3ef7-809e-e2fb2ff534e9,d89a8f94-0755-3988-a0d4-64bb37fd705c,Nickolas58 Ward668,M,CHIROPRACTIC,5 STATE ST,SHELBURNE FLS,MA,01370-1036,42.609509,-72.74698000000002,0
80e86a86-b426-38c9-9b81-0b5efe0837f0,d89a8f94-0755-3988-a0d4-64bb37fd705c,Marlena558 Ward668,F,GENERAL PRACTICE,5 STATE ST,SHELBURNE FLS,MA,01370-1036,42.609509,-72.74698000000002,60
bfcbadcc-5b93-36aa-82a2-e094b4c80f14,e4985463-921d-38b5-a6dc-c2f8f78a884f,Charlotte28 Veum823,F,NURSE PRACTITIONER,25 MARSTON ST,LAWRENCE,MA,01841-2355,42.700272999999996,-71.161357,0
c9c386eb-a586-308d-8d3d-3f30c3cb0067,e4985463-921d-38b5-a6dc-c2f8f78a884f,Elvin140 Renner328,M,NURSE PRACTITIONER,25 MARSTON ST,LAWRENCE,MA,01841-2355,42.700272999999996,-71.161357,0
34af7967-9446-3fec-bfe0-75d64df84700,e4985463-921d-38b5-a6dc-c2f8f78a884f,Phyliss206 Bauch723,F,NURSE PRACTITIONER,25 MARSTON ST,LAWRENCE,MA,01841-2355,42.700272999999996,-71.161357,0
9a7c1b41-4031-345e-a97c-29e47eaf7d1a,e4985463-921d-38b5-a6dc-c2f8f78a884f,Necole468 Stokes453,F,NURSE PRACTITIONER,25 MARSTON ST,LAWRENCE,MA,01841-2355,42.700272999999996,-71.161357,0
e9fbf79f-d891-3154-83ca-eec7e8bbacb1,e4985463-921d-38b5-a6dc-c2f8f78a884f,Fernando603 Denesik803,M,NURSE PRACTITIONER,25 MARSTON ST,LAWRENCE,MA,01841-2355,42.700272999999996,-71.161357,0
5b3b28b7-b0c8-312e-8a0a-5c276889af93,e4985463-921d-38b5-a6dc-c2f8f78a884f,Rossana121 Ernser583,F,NURSE PRACTITIONER,25 MARSTON ST,LAWRENCE,MA,01841-2355,42.700272999999996,-71.161357,0
80d59de5-d576-3220-8d9c-4771328a070e,e4985463-921d-38b5-a6dc-c2f8f78a884f,Juliann385 Lemke654,F,NURSE PRACTITIONER,25 MARSTON ST,LAWRENCE,MA,01841-2355,42.700272999999996,-71.161357,0
4ef37a21-cc30-3d20-87ed-651b73100a7d,e4985463-921d-38b5-a6dc-c2f8f78a884f,Janine159 Heller342,F,NURSE PRACTITIONER,25 MARSTON ST,LAWRENCE,MA,01841-2355,42.700272999999996,-71.161357,0
334c0f88-1747-34a6-ae2e-6765d6368f7d,e4985463-921d-38b5-a6dc-c2f8f78a884f,Leann224 Pagac496,F,NURSE PRACTITIONER,25 MARSTON ST,LAWRENCE,MA,01841-2355,42.700272999999996,-71.161357,0
886730d0-2c1d-3ed7-aee7-2fcaf12fe4ea,e4985463-921d-38b5-a6dc-c2f8f78a884f,Kimberlee228 Kunde533,F,NURSE PRACTITIONER,25 MARSTON ST,LAWRENCE,MA,01841-2355,42.700272999999996,-71.161357,0
82fa8950-baaf-3563-88c4-94689664efd6,e4985463-921d-38b5-a6dc-c2f8f78a884f,Terrell212 O'Conner199,M,NURSE PRACTITIONER,25 MARSTON ST,LAWRENCE,MA,01841-2355,42.700272999999996,-71.161357,0
5383305d-b931-355c-9ee1-34267892886a,e4985463-921d-38b5-a6dc-c2f8f78a884f,Chuck784 Koss676,M,NURSE PRACTITIONER,25 MARSTON ST,LAWRENCE,MA,01841-2355,42.700272999999996,-71.161357,0
f917b9c4-83b7-3869-8111-700ce6f180a0,e4985463-921d-38b5-a6dc-c2f8f78a884f,Nicky270 Satterfield305,M,NURSE PRACTITIONER,25 MARSTON ST,LAWRENCE,MA,01841-2355,42.700272999999996,-71.161357,0
c68ea551-36e9-39c3-bad4-22c902eba76f,e4985463-921d-38b5-a6dc-c2f8f78a884f,Archie818 Veum823,M,HOSPICE/PALLIATIVE CARE,25 MARSTON ST,LAWRENCE,MA,01841-2355,42.700272999999996,-71.161357,0
8400e2c7-0fe9-3e0d-ba5e-583f30a6cc27,e4985463-921d-38b5-a6dc-c2f8f78a884f,Britany225 Renner328,F,HOSPICE/PALLIATIVE CARE,25 MARSTON ST,LAWRENCE,MA,01841-2355,42.700272999999996,-71.161357,0
4f71cc51-a135-3330-96de-a9a425334395,e4985463-921d-38b5-a6dc-c2f8f78a884f,Archie818 Veum823,M,MEDICAL ONCOLOGY,25 MARSTON ST,LAWRENCE,MA,01841-2355,42.700272999999996,-71.161357,0
7f848737-c155-3623-add4-875f9233459a,e4985463-921d-38b5-a6dc-c2f8f78a884f,Elvin140 Renner328,M,MEDICAL ONCOLOGY,25 MARSTON ST,LAWRENCE,MA,01841-2355,42.700272999999996,-71.161357,0
12802ac1-b4e2-30ea-8130-5ac30b7cc948,e4985463-921d-38b5-a6dc-c2f8f78a884f,Germán350 Jaimes535,M,MEDICAL ONCOLOGY,25 MARSTON ST,LAWRENCE,MA,01841-2355,42.700272999999996,-71.161357,0
cf8c073e-0bb9-3d76-9e39-2b5d75b1337c,e4985463-921d-38b5-a6dc-c2f8f78a884f,Burl285 Stokes453,M,MEDICAL ONCOLOGY,25 MARSTON ST,LAWRENCE,MA,01841-2355,42.700272999999996,-71.161357,0
aa96b73e-0d04-37ec-a29a-eeac25671ebe,e4985463-921d-38b5-a6dc-c2f8f78a884f,Archie818 Veum823,M,PREVENTATIVE MEDICINE,25 MARSTON ST,LAWRENCE,MA,01841-2355,42.700272999999996,-71.161357,0
b8f3c098-2cd0-375a-957c-b4e82eeeec06,e4985463-921d-38b5-a6dc-c2f8f78a884f,Britany225 Renner328,F,PREVENTATIVE MEDICINE,25 MARSTON ST,LAWRENCE,MA,01841-2355,42.700272999999996,-71.161357,0
4ba017a3-df68-3ee2-a5c8-f94905237545,e4985463-921d-38b5-a6dc-c2f8f78a884f,Archie818 Veum823,M,FAMILY PRACTICE,25 MARSTON ST,LAWRENCE,MA,01841-2355,42.700272999999996,-71.161357,0
8dc9c848-1111-3794-b472-7699130933e9,e4985463-921d-38b5-a6dc-c2f8f78a884f,Britany225 Renner328,F,FAMILY PRACTICE,25 MARSTON ST,LAWRENCE,MA,01841-2355,42.700272999999996,-71.161357,0
53bcc54b-b747-3959-aa0d-6e5a2f8eac97,e4985463-921d-38b5-a6dc-c2f8f78a884f,Shane235 Bauch723,M,FAMILY PRACTICE,25 MARSTON ST,LAWRENCE,MA,01841-2355,42.700272999999996,-71.161357,0
93fa3bf2-b203-3694-8ce9-34a3ae5d07ca,e4985463-921d-38b5-a6dc-c2f8f78a884f,Necole468 Stokes453,F,FAMILY PRACTICE,25 MARSTON ST,LAWRENCE,MA,01841-2355,42.700272999999996,-71.161357,0
b1b4ce83-75a3-33d4-82d4-4bb379845cd1,e4985463-921d-38b5-a6dc-c2f8f78a884f,Shela13 Denesik803,F,FAMILY PRACTICE,25 MARSTON ST,LAWRENCE,MA,01841-2355,42.700272999999996,-71.161357,0
bcccda3f-6fd1-399d-906d-fb14ec8a1477,e4985463-921d-38b5-a6dc-c2f8f78a884f,Rossana121 Ernser583,F,FAMILY PRACTICE,25 MARSTON ST,LAWRENCE,MA,01841-2355,42.700272999999996,-71.161357,0
6fea17fd-ace1-3169-be76-a9edc442a519,e4985463-921d-38b5-a6dc-c2f8f78a884f,Clarence5 Lemke654,M,FAMILY PRACTICE,25 MARSTON ST,LAWRENCE,MA,01841-2355,42.700272999999996,-71.161357,0
fadf3930-e4b1-3d0c-a26e-e1a01ff3989c,e4985463-921d-38b5-a6dc-c2f8f78a884f,Charlotte28 Veum823,F,GASTROENTEROLOGY,25 MARSTON ST,LAWRENCE,MA,01841-2355,42.700272999999996,-71.161357,0
d66534a7-14c0-392f-b67d-d5f6cce6a965,e4985463-921d-38b5-a6dc-c2f8f78a884f,Britany225 Renner328,F,GASTROENTEROLOGY,25 MARSTON ST,LAWRENCE,MA,01841-2355,42.700272999999996,-71.161357,0
1d5f5be7-fbdf-304c-9c2e-b5e7fd33ec78,e4985463-921d-38b5-a6dc-c2f8f78a884f,Archie818 Veum823,M,HEMATOLOGY/ONCOLOGY,25 MARSTON ST,LAWRENCE,MA,01841-2355,42.700272999999996,-71.161357,0
1e15b206-280d-3d88-80c2-d18ad70ddde1,e4985463-921d-38b5-a6dc-c2f8f78a884f,Britany225 Renner328,F,HEMATOLOGY/ONCOLOGY,25 MARSTON ST,LAWRENCE,MA,01841-2355,42.700272999999996,-71.161357,0
b18963a5-855b-367f-be35-5cd3283124fa,e4985463-921d-38b5-a6dc-c2f8f78a884f,Shane235 Bauch723,M,HEMATOLOGY/ONCOLOGY,25 MARSTON ST,LAWRENCE,MA,01841-2355,42.700272999999996,-71.161357,0
99fa3386-940e-3b17-9fe5-ef34988158e9,e4985463-921d-38b5-a6dc-c2f8f78a884f,Necole468 Stokes453,F,HEMATOLOGY/ONCOLOGY,25 MARSTON ST,LAWRENCE,MA,01841-2355,42.700272999999996,-71.161357,0
bef9ed1a-657c-3cd5-a593-2d0e27906b95,e4985463-921d-38b5-a6dc-c2f8f78a884f,Charlotte28 Veum823,F,OPTOMETRY,25 MARSTON ST,LAWRENCE,MA,01841-2355,42.700272999999996,-71.161357,0
4c591557-ff23-382f-8fa1-06dcb02fec92,e4985463-921d-38b5-a6dc-c2f8f78a884f,Britany225 Renner328,F,OPTOMETRY,25 MARSTON ST,LAWRENCE,MA,01841-2355,42.700272999999996,-71.161357,0
6839be58-fd9a-3a32-b09e-8723fcc5bd7e,e4985463-921d-38b5-a6dc-c2f8f78a884f,Charlotte28 Veum823,F,NEUROLOGY,25 MARSTON ST,LAWRENCE,MA,01841-2355,42.700272999999996,-71.161357,0
d3b76ab6-6ea1-305f-beed-64a1eeacfd08,e4985463-921d-38b5-a6dc-c2f8f78a884f,Britany225 Renner328,F,NEUROLOGY,25 MARSTON ST,LAWRENCE,MA,01841-2355,42.700272999999996,-71.161357,0
3b3a531c-b715-3599-b171-2c8282f8fb94,e4985463-921d-38b5-a6dc-c2f8f78a884f,Charlotte28 Veum823,F,OPHTHALMOLOGY,25 MARSTON ST,LAWRENCE,MA,01841-2355,42.700272999999996,-71.161357,0
ef34e7df-f445-3a2f-9831-d73fe4d5df42,e4985463-921d-38b5-a6dc-c2f8f78a884f,Britany225 Renner328,F,OPHTHALMOLOGY,25 MARSTON ST,LAWRENCE,MA,01841-2355,42.700272999999996,-71.161357,0
5b641461-c6dd-37de-806c-8650bfe71b37,e4985463-921d-38b5-a6dc-c2f8f78a884f,Phyliss206 Bauch723,F,OPHTHALMOLOGY,25 MARSTON ST,LAWRENCE,MA,01841-2355,42.700272999999996,-71.161357,0
51d32724-d472-3b80-a10e-9ea5f617406d,e4985463-921d-38b5-a6dc-c2f8f78a884f,Burl285 Stokes453,M,OPHTHALMOLOGY,25 MARSTON ST,LAWRENCE,MA,01841-2355,42.700272999999996,-71.161357,0
9cdebec8-5b4c-3d34-ba8c-576b521e683d,e4985463-921d-38b5-a6dc-c2f8f78a884f,Fernando603 Denesik803,M,OPHTHALMOLOGY,25 MARSTON ST,LAWRENCE,MA,01841-2355,42.700272999999996,-71.161357,0
2125ea10-c58c-3899-80e2-44bbecfb8182,e4985463-921d-38b5-a6dc-c2f8f78a884f,Lindsey52 Ernser583,M,OPHTHALMOLOGY,25 MARSTON ST,LAWRENCE,MA,01841-2355,42.700272999999996,-71.161357,0
bccedfcb-ecbe-33d9-907d-5ebe82e36d7e,e4985463-921d-38b5-a6dc-c2f8f78a884f,Juliann385 Lemke654,F,OPHTHALMOLOGY,25 MARSTON ST,LAWRENCE,MA,01841-2355,42.700272999999996,-71.161357,0
e029138d-4da8-3fde-83b4-f2a4e3479598,e4985463-921d-38b5-a6dc-c2f8f78a884f,Janine159 Heller342,F,OPHTHALMOLOGY,25 MARSTON ST,LAWRENCE,MA,01841-2355,42.700272999999996,-71.161357,0
66a5a6a5-c99f-3098-83a4-8dc6e506e58c,e4985463-921d-38b5-a6dc-c2f8f78a884f,Leann224 Pagac496,F,OPHTHALMOLOGY,25 MARSTON ST,LAWRENCE,MA,01841-2355,42.700272999999996,-71.161357,0
342cfd09-8b23-363f-bbf5-e4a4dabe0c85,e4985463-921d-38b5-a6dc-c2f8f78a884f,Terry864 Kunde533,M,OPHTHALMOLOGY,25 MARSTON ST,LAWRENCE,MA,01841-2355,42.700272999999996,-71.161357,0
6b118021-1ec4-32d0-82a2-5c469104cf76,e4985463-921d-38b5-a6dc-c2f8f78a884f,Terrell212 O'Conner199,M,OPHTHALMOLOGY,25 MARSTON ST,LAWRENCE,MA,01841-2355,42.700272999999996,-71.161357,0
6c0a5040-6269-3565-a0d9-fcb494aa2ec1,e4985463-921d-38b5-a6dc-c2f8f78a884f,Chuck784 Koss676,M,OPHTHALMOLOGY,25 MARSTON ST,LAWRENCE,MA,01841-2355,42.700272999999996,-71.161357,0
5a2d79ca-2497-35a7-809a-e2103224d1b8,e4985463-921d-38b5-a6dc-c2f8f78a884f,Archie818 Veum823,M,HEMATOLOGY,25 MARSTON ST,LAWRENCE,MA,01841-2355,42.700272999999996,-71.161357,0
e2eb9b05-5914-3bbd-a778-7d5985312c9a,e4985463-921d-38b5-a6dc-c2f8f78a884f,Elvin140 Renner328,M,HEMATOLOGY,25 MARSTON ST,LAWRENCE,MA,01841-2355,42.700272999999996,-71.161357,0
e110fce6-de15-3f82-a345-04f5963a5050,e4985463-921d-38b5-a6dc-c2f8f78a884f,Archie818 Veum823,M,GENERAL PRACTICE,25 MARSTON ST,LAWRENCE,MA,01841-2355,42.700272999999996,-71.161357,36
d277ef48-3d73-3170-af4b-78b78ce49df2,e4985463-921d-38b5-a6dc-c2f8f78a884f,Archie818 Veum823,M,ENDOCRINOLOGY,25 MARSTON ST,LAWRENCE,MA,01841-2355,42.700272999999996,-71.161357,0
11f08f29-d9c8-363b-9da3-c4ea102fe844,e4985463-921d-38b5-a6dc-c2f8f78a884f,Britany225 Renner328,F,ENDOCRINOLOGY,25 MARSTON ST,LAWRENCE,MA,01841-2355,42.700272999999996,-71.161357,0
b763836c-0646-3733-bb6f-554cc4b1369b,e4985463-921d-38b5-a6dc-c2f8f78a884f,Archie818 Veum823,M,INTERNAL MEDICINE,25 MARSTON ST,LAWRENCE,MA,01841-2355,42.700272999999996,-71.161357,0
319eb6df-345e-3fd9-9d19-1d6f6260a213,e4985463-921d-38b5-a6dc-c2f8f78a884f,Elvin140 Renner328,M,INTERNAL MEDICINE,25 MARSTON ST,LAWRENCE,MA,01841-2355,42.700272999999996,-71.161357,0
3650d394-ae85-38b7-97c9-51e31305c756,e4985463-921d-38b5-a6dc-c2f8f78a884f,Shane235 Bauch723,M,INTERNAL MEDICINE,25 MARSTON ST,LAWRENCE,MA,01841-2355,42.700272999999996,-71.161357,0
871ac001-ab46-3c77-85e4-2582de64a2df,e4985463-921d-38b5-a6dc-c2f8f78a884f,Necole468 Stokes453,F,INTERNAL MEDICINE,25 MARSTON ST,LAWRENCE,MA,01841-2355,42.700272999999996,-71.161357,0
2a462bfa-b611-3740-8393-8dbc4242d483,e4985463-921d-38b5-a6dc-c2f8f78a884f,Shela13 Denesik803,F,INTERNAL MEDICINE,25 MARSTON ST,LAWRENCE,MA,01841-2355,42.700272999999996,-71.161357,0
c016ebee-773f-39ca-9cc9-72b2e7b42611,e4985463-921d-38b5-a6dc-c2f8f78a884f,Lindsey52 Ernser583,M,INTERNAL MEDICINE,25 MARSTON ST,LAWRENCE,MA,01841-2355,42.700272999999996,-71.161357,0
355d4094-9094-3e8c-a5cd-38cdafcb23a7,e4985463-921d-38b5-a6dc-c2f8f78a884f,Juliann385 Lemke654,F,INTERNAL MEDICINE,25 MARSTON ST,LAWRENCE,MA,01841-2355,42.700272999999996,-71.161357,0
c93376e1-a011-32d5-8c2a-d104aec702e8,e4985463-921d-38b5-a6dc-c2f8f78a884f,Janine159 Heller342,F,INTERNAL MEDICINE,25 MARSTON ST,LAWRENCE,MA,01841-2355,42.700272999999996,-71.161357,0
d0cfb3bb-5ee7-3e0e-bba7-f1f1461bce16,e4985463-921d-38b5-a6dc-c2f8f78a884f,Marcus77 Pagac496,M,INTERNAL MEDICINE,25 MARSTON ST,LAWRENCE,MA,01841-2355,42.700272999999996,-71.161357,0
6196f10f-dc2e-358b-85cd-cbc6fc87b7c8,e4985463-921d-38b5-a6dc-c2f8f78a884f,Terry864 Kunde533,M,INTERNAL MEDICINE,25 MARSTON ST,LAWRENCE,MA,01841-2355,42.700272999999996,-71.161357,0
bf252611-94ff-3588-8021-e7a6c3ff2282,e4985463-921d-38b5-a6dc-c2f8f78a884f,Taunya970 O'Conner199,F,INTERNAL MEDICINE,25 MARSTON ST,LAWRENCE,MA,01841-2355,42.700272999999996,-71.161357,0
0f79d087-cae2-34fb-8d9c-a69b5773ec6d,e4985463-921d-38b5-a6dc-c2f8f78a884f,Chuck784 Koss676,M,INTERNAL MEDICINE,25 MARSTON ST,LAWRENCE,MA,01841-2355,42.700272999999996,-71.161357,0
55c6971b-a1ca-3a1e-8039-7d4acdf24201,e4985463-921d-38b5-a6dc-c2f8f78a884f,Nicky270 Satterfield305,M,INTERNAL MEDICINE,25 MARSTON ST,LAWRENCE,MA,01841-2355,42.700272999999996,-71.161357,0
65f73b2e-87e3-3a29-9f96-2553f621c3e0,e4985463-921d-38b5-a6dc-c2f8f78a884f,Will178 Schumm995,M,INTERNAL MEDICINE,25 MARSTON ST,LAWRENCE,MA,01841-2355,42.700272999999996,-71.161357,0
5c75a26e-e047-3924-ba2f-3abf9e08353a,e4985463-921d-38b5-a6dc-c2f8f78a884f,Jorge203 Zamudio115,M,INTERNAL MEDICINE,25 MARSTON ST,LAWRENCE,MA,01841-2355,42.700272999999996,-71.161357,0
1252d99b-b95b-3848-a209-fce8b8dede60,e4985463-921d-38b5-a6dc-c2f8f78a884f,Israel728 Willms744,M,INTERNAL MEDICINE,25 MARSTON ST,LAWRENCE,MA,01841-2355,42.700272999999996,-71.161357,0
0310eb46-880d-3284-a419-558a62299f85,e4985463-921d-38b5-a6dc-c2f8f78a884f,Fumiko79 Glover433,F,INTERNAL MEDICINE,25 MARSTON ST,LAWRENCE,MA,01841-2355,42.700272999999996,-71.161357,0
e64188b3-0444-3390-9fc4-ad945189f564,e4985463-921d-38b5-a6dc-c2f8f78a884f,Cheree978 Borer986,F,INTERNAL MEDICINE,25 MARSTON ST,LAWRENCE,MA,01841-2355,42.700272999999996,-71.161357,0
2f34f885-9f57-3d08-89a9-53fc0f5f825f,e4985463-921d-38b5-a6dc-c2f8f78a884f,Jen355 Nader710,F,INTERNAL MEDICINE,25 MARSTON ST,LAWRENCE,MA,01841-2355,42.700272999999996,-71.161357,0
557d8b16-49ad-31e2-bacc-845a0d948271,411735bd-f830-3011-a59f-c3f84a1f042e,Eusebio566 Cummerata161,M,CHIROPRACTIC,30 HARDWICK RD,PETERSHAM,MA,01366-9701,42.459222,-72.216335,0
31c8d92b-13dd-379a-b8b7-cdcd36ecf06a,411735bd-f830-3011-a59f-c3f84a1f042e,Enriqueta274 Cummerata161,F,GENERAL PRACTICE,30 HARDWICK RD,PETERSHAM,MA,01366-9701,42.459222,-72.216335,43
e3ecfa88-fa98-3221-9a4a-fd533dc41cb4,86ed5cdc-c6d1-3308-b3a7-8173855c4fc1,Charley358 Pouros728,M,GENERAL PRACTICE,89 MAIN ST,MEDWAY,MA,02053-1818,42.156203000000005,-71.43034499999999,34
3cdabc94-2502-39ad-b114-3ed9e571b076,9b85cf38-ccfb-36f8-82d9-3aab7a24ac0b,Jenny686 Collins926,F,GENERAL PRACTICE,113 BELMONT ST,BELMONT,MA,02478-3603,42.395317,-71.180284,29
eae81064-79f6-3981-96c6-87ba9ca74421,4917759b-1f9e-3733-af09-132e8a56641a,Barrett790 Prohaska837,M,CLINICAL SOCIAL WORKER,33 E MAIN ST,WARE,MA,01082-1478,42.275462,-72.280158,0
335d1971-427c-3587-b24e-8c11b7646aa4,4917759b-1f9e-3733-af09-132e8a56641a,Arla414 Larson43,F,CLINICAL SOCIAL WORKER,33 E MAIN ST,WARE,MA,01082-1478,42.275462,-72.280158,0
9972a087-2f15-3eb8-8908-3ab331c01917,4917759b-1f9e-3733-af09-132e8a56641a,Brigitte394 Prohaska837,F,GENERAL PRACTICE,33 E MAIN ST,WARE,MA,01082-1478,42.275462,-72.280158,26
8c0a8458-72c6-3e9a-b0b2-1dd897ad89dd,3ad8f3a6-047e-3ade-8ff6-6ad9901e53d3,Cori307 Runolfsdottir785,F,GENERAL PRACTICE,173 MOUNT AUBURN ST,WATERTOWN,MA,02472-4005,42.369451,-71.177925,29
7a2ae245-8a16-32d0-9f09-590268fdae44,d86e15fb-290b-36d8-ad51-b32ceda12b77,Dominica520 Klein929,F,CLINICAL PSYCHOLOGIST,15 MIDSTATE DR,AUBURN,MA,01501-1856,42.198708,-71.846006,0
88aa56dd-eb08-3480-9f5b-5e3fd3ab1542,d86e15fb-290b-36d8-ad51-b32ceda12b77,Crystal2 Gleichner915,F,CLINICAL PSYCHOLOGIST,15 MIDSTATE DR,AUBURN,MA,01501-1856,42.198708,-71.846006,0
96a259ab-2f94-315c-9fd2-a87e921c0a2a,d86e15fb-290b-36d8-ad51-b32ceda12b77,Dominica520 Klein929,F,GENERAL PRACTICE,15 MIDSTATE DR,AUBURN,MA,01501-1856,42.198708,-71.846006,16
bd11fd3c-7877-3edf-ad55-663bef406969,0c15415c-9da3-371c-b7b6-df95c18e2d0c,Steven797 Kuhlman484,M,GENERAL PRACTICE,70 WASHINGTON ST,SALEM,MA,01970-3520,42.499248,-70.898204,27
2aa75b52-c8f4-33a1-9413-8f124fead12f,f93e59e2-c0e4-3118-a1c2-3234c6dde120,Pasty639 Beatty507,F,CLINICAL SOCIAL WORKER,604 FOUNDRY ST,EASTON,MA,02334,42.040515,-71.109329,0
63528b19-240a-3323-881f-2d1bcd72c122,f93e59e2-c0e4-3118-a1c2-3234c6dde120,Pasty639 Beatty507,F,GENERAL PRACTICE,604 FOUNDRY ST,EASTON,MA,02334,42.040515,-71.109329,55
9347efdc-96ac-32f0-9e12-c89db21069c1,a2044f5c-402b-350e-9bf3-2dbc7ba55edf,Janetta325 Wiza601,F,AUDIOLOGIST,51 STATE RD,DARTMOUTH,MA,02747-3319,41.56651,-70.958229,0
89314cac-a472-3ee5-9bec-caf77caf7b6d,a2044f5c-402b-350e-9bf3-2dbc7ba55edf,Janetta325 Wiza601,F,OPTOMETRY,51 STATE RD,DARTMOUTH,MA,02747-3319,41.56651,-70.958229,0
9c3a1c08-7814-3aae-94ce-07d81cc12326,a2044f5c-402b-350e-9bf3-2dbc7ba55edf,Hassie51 Schiller186,F,OPTOMETRY,51 STATE RD,DARTMOUTH,MA,02747-3319,41.56651,-70.958229,0
73276534-f85e-36b8-924e-ac549067b766,a2044f5c-402b-350e-9bf3-2dbc7ba55edf,Adrienne302 Brakus656,F,OPTOMETRY,51 STATE RD,DARTMOUTH,MA,02747-3319,41.56651,-70.958229,0
d8c9d840-a998-3c4b-8597-f2e125d391e1,a2044f5c-402b-350e-9bf3-2dbc7ba55edf,Julius90 Conn188,M,OPTOMETRY,51 STATE RD,DARTMOUTH,MA,02747-3319,41.56651,-70.958229,0
e7eb7c47-ac34-326b-943b-684949980d62,a2044f5c-402b-350e-9bf3-2dbc7ba55edf,Lorenzo669 Vaca409,M,OPTOMETRY,51 STATE RD,DARTMOUTH,MA,02747-3319,41.56651,-70.958229,0
8ff572e0-800d-30de-882f-bb982f94bdf7,a2044f5c-402b-350e-9bf3-2dbc7ba55edf,Alonso270 Grady603,M,OPTOMETRY,51 STATE RD,DARTMOUTH,MA,02747-3319,41.56651,-70.958229,0
3bf3f954-df4d-30a1-880e-cd083bb06945,a2044f5c-402b-350e-9bf3-2dbc7ba55edf,Myung778 Medhurst46,F,OPTOMETRY,51 STATE RD,DARTMOUTH,MA,02747-3319,41.56651,-70.958229,0
c2ce0a4a-7e22-3996-a89c-9bf84aec8bfb,a2044f5c-402b-350e-9bf3-2dbc7ba55edf,Russ979 Jenkins714,M,OPTOMETRY,51 STATE RD,DARTMOUTH,MA,02747-3319,41.56651,-70.958229,0
a509a7aa-f08f-3ae4-9dd5-c7d115220a18,a2044f5c-402b-350e-9bf3-2dbc7ba55edf,Terrell212 Will178,F,OPTOMETRY,51 STATE RD,DARTMOUTH,MA,02747-3319,41.56651,-70.958229,0
269ddda7-c897-3510-91d1-e0954f3c55b4,a2044f5c-402b-350e-9bf3-2dbc7ba55edf,Skye332 Ryan260,F,OPTOMETRY,51 STATE RD,DARTMOUTH,MA,02747-3319,41.56651,-70.958229,0
b0b6d603-c221-3613-b9b4-57d83fdc5b27,a2044f5c-402b-350e-9bf3-2dbc7ba55edf,Janetta325 Wiza601,F,OPHTHALMOLOGY,51 STATE RD,DARTMOUTH,MA,02747-3319,41.56651,-70.958229,0
aa37a07d-567f-3b7a-9aad-a474781d9835,a2044f5c-402b-350e-9bf3-2dbc7ba55edf,Hassie51 Schiller186,F,OPHTHALMOLOGY,51 STATE RD,DARTMOUTH,MA,02747-3319,41.56651,-70.958229,0
f1347da1-7074-38dd-a0c2-41148a53b10f,a2044f5c-402b-350e-9bf3-2dbc7ba55edf,Adrienne302 Brakus656,F,OPHTHALMOLOGY,51 STATE RD,DARTMOUTH,MA,02747-3319,41.56651,-70.958229,0
196098f0-1a75-3111-a74c-48d2760b1ba2,a2044f5c-402b-350e-9bf3-2dbc7ba55edf,Julius90 Conn188,M,OPHTHALMOLOGY,51 STATE RD,DARTMOUTH,MA,02747-3319,41.56651,-70.958229,0
df0f89dc-27f2-343f-9583-be7f3d865b67,a2044f5c-402b-350e-9bf3-2dbc7ba55edf,Quinton758 Kohler843,M,OPHTHALMOLOGY,51 STATE RD,DARTMOUTH,MA,02747-3319,41.56651,-70.958229,0
24b4f128-f60b-38e5-ba3a-7060eb6f0b55,a2044f5c-402b-350e-9bf3-2dbc7ba55edf,Antoinette709 Grady603,F,OPHTHALMOLOGY,51 STATE RD,DARTMOUTH,MA,02747-3319,41.56651,-70.958229,0
63e077b2-ae75-37e4-8d54-bbf87d41a108,a2044f5c-402b-350e-9bf3-2dbc7ba55edf,Myung778 Medhurst46,F,OPHTHALMOLOGY,51 STATE RD,DARTMOUTH,MA,02747-3319,41.56651,-70.958229,0
d3810e26-0892-3e6b-8554-769421c56662,a2044f5c-402b-350e-9bf3-2dbc7ba55edf,Mathilde204 Jenkins714,F,OPHTHALMOLOGY,51 STATE RD,DARTMOUTH,MA,02747-3319,41.56651,-70.958229,0
37914c8f-ca84-39b9-b7eb-d511d3790df0,a2044f5c-402b-350e-9bf3-2dbc7ba55edf,Janetta325 Wiza601,F,GENERAL PRACTICE,51 STATE RD,DARTMOUTH,MA,02747-3319,41.56651,-70.958229,31
4f0794b6-91c4-31e9-8809-49118bdd6d6a,03f162f5-ad40-3c16-899b-a832b625b0c7,Shandi937 Fisher429,F,GENERAL PRACTICE,452 PLEASANT ST,MALDEN,MA,02148-8117,42.42938,-71.058706,31
67d7bce9-5669-3216-98df-fc57d269cca2,b2872674-997c-30cd-862d-eeeb72a4a7bc,Blake449 Collier206,M,GENERAL PRACTICE,45 STERLING ST,WEST BOYLSTON,MA,01583-1200,42.369417,-71.785036,30
97308560-b3e7-3ae7-8a34-bb6b8797e6f3,02ac6866-d3a6-34b6-b677-4ad855456cf9,Claudio955 Schulist381,M,CLINICAL PSYCHOLOGIST,1680 A BEACON ST,BROOKLINE,MA,02445-2180,42.323853,-71.142003,0
ae8701d6-8b9b-30e0-8a90-c884faed42a8,02ac6866-d3a6-34b6-b677-4ad855456cf9,Judi176 Schulist381,F,GENERAL PRACTICE,1680 A BEACON ST,BROOKLINE,MA,02445-2180,42.323853,-71.142003,31
71746c1e-af2e-3171-90c5-6a122f587663,b81f7f7b-46fa-3596-bf0f-2db5613cf671,Waylon572 Ryan260,M,CLINICAL PSYCHOLOGIST,15 SHIRLEY AVE,DENNIS PORT,MA,02639-2443,41.666903999999995,-70.135645,0
9925081e-fe1e-31ff-9128-b6b84dfe94f5,b81f7f7b-46fa-3596-bf0f-2db5613cf671,Marine542 Ryan260,F,GENERAL PRACTICE,15 SHIRLEY AVE,DENNIS PORT,MA,02639-2443,41.666903999999995,-70.135645,38
7966e845-ca41-3854-8740-42495a6dd73d,c0094038-6272-32dc-bf16-e4e8e417098a,Sadie426 Koepp521,F,GENERAL PRACTICE,101 CAMBRIDGE ST,BURLINGTON,MA,01803-3766,42.503227,-71.201713,17
0e5c56da-0141-341d-b93f-c7edb576146f,7b16a000-ec3a-3f2d-acf4-bf1d6130c39a,Particia365 Dare640,F,PSYCHIATRY,250 C GREENFIELD RD,SOUTH DEERFIELD,MA,01373-9790,42.481395,-72.589793,0
b52fb088-6ae9-322e-a45f-37355e76f6c0,7b16a000-ec3a-3f2d-acf4-bf1d6130c39a,Sammy219 Dare640,M,GENERAL PRACTICE,250 C GREENFIELD RD,SOUTH DEERFIELD,MA,01373-9790,42.481395,-72.589793,34
8c706e37-dcaf-3eb5-b998-4823f5e3014a,cc753dea-8769-384d-9f93-b87ed9e459d5,Todd315 Stehr398,M,GENERAL PRACTICE,100 HOSPITAL RD,LEOMINSTER,MA,01453-2244,42.520876,-71.770611,69
41dde35c-9432-3caf-8abe-ec581047d6cd,cc753dea-8769-384d-9f93-b87ed9e459d5,Lauretta754 Stehr398,F,GENERAL SURGERY,100 HOSPITAL RD,LEOMINSTER,MA,01453-2244,42.520876,-71.770611,0
27ad5827-ea8a-3ae8-aedd-3fc5dc92ba12,cc753dea-8769-384d-9f93-b87ed9e459d5,Hollis7 Osinski784,F,GENERAL SURGERY,100 HOSPITAL RD,LEOMINSTER,MA,01453-2244,42.520876,-71.770611,0
5c5e437d-40de-36c5-9113-f4e14343b967,cc753dea-8769-384d-9f93-b87ed9e459d5,Margherita470 Zulauf375,F,GENERAL SURGERY,100 HOSPITAL RD,LEOMINSTER,MA,01453-2244,42.520876,-71.770611,0
b9467504-a6b0-3865-af06-d65951e144cb,cc753dea-8769-384d-9f93-b87ed9e459d5,Lori426 Bashirian201,F,GENERAL SURGERY,100 HOSPITAL RD,LEOMINSTER,MA,01453-2244,42.520876,-71.770611,0
db565057-8f11-3ccc-886f-9a00487667e1,811de503-055f-3d74-b10b-21b9ebbd145e,Danita413 White193,F,NURSE PRACTITIONER,215 SANDWICH RD,WAREHAM,MA,02571-1637,41.76104,-70.701779,0
fd983312-4834-32ea-b5b3-ba54ed354f4a,811de503-055f-3d74-b10b-21b9ebbd145e,Odell776 White193,M,PSYCHIATRY,215 SANDWICH RD,WAREHAM,MA,02571-1637,41.76104,-70.701779,0
c3dc6531-6dbb-3038-9fb6-b8c879f2c111,811de503-055f-3d74-b10b-21b9ebbd145e,Odell776 White193,M,CLINICAL PSYCHOLOGIST,215 SANDWICH RD,WAREHAM,MA,02571-1637,41.76104,-70.701779,0
1dff6914-9c54-3af3-a108-29b09839f093,811de503-055f-3d74-b10b-21b9ebbd145e,Woodrow571 Runolfsson901,M,CLINICAL PSYCHOLOGIST,215 SANDWICH RD,WAREHAM,MA,02571-1637,41.76104,-70.701779,0
cf496e53-3bb0-33f0-a98c-2602bede14ba,811de503-055f-3d74-b10b-21b9ebbd145e,Odell776 White193,M,CLINICAL SOCIAL WORKER,215 SANDWICH RD,WAREHAM,MA,02571-1637,41.76104,-70.701779,0
71e6179e-90d8-3b78-b3ca-2c03842b7fd0,811de503-055f-3d74-b10b-21b9ebbd145e,Woodrow571 Runolfsson901,M,CLINICAL SOCIAL WORKER,215 SANDWICH RD,WAREHAM,MA,02571-1637,41.76104,-70.701779,0
aef4fa36-e1d8-3b97-bf45-4f8441b78ea3,811de503-055f-3d74-b10b-21b9ebbd145e,Ruth999 Blick895,F,CLINICAL SOCIAL WORKER,215 SANDWICH RD,WAREHAM,MA,02571-1637,41.76104,-70.701779,0
af46d2ec-b98d-3aae-805f-3d0411349877,811de503-055f-3d74-b10b-21b9ebbd145e,Rob341 Buckridge80,M,CLINICAL SOCIAL WORKER,215 SANDWICH RD,WAREHAM,MA,02571-1637,41.76104,-70.701779,0
1b0002b6-b796-3f03-8ec7-811b0e7f7666,811de503-055f-3d74-b10b-21b9ebbd145e,Alfreda3 Kessler503,F,CLINICAL SOCIAL WORKER,215 SANDWICH RD,WAREHAM,MA,02571-1637,41.76104,-70.701779,0
d4393434-8c8f-37a4-b648-d734bf7f2ea2,811de503-055f-3d74-b10b-21b9ebbd145e,Sherika987 Gerhold939,F,CLINICAL SOCIAL WORKER,215 SANDWICH RD,WAREHAM,MA,02571-1637,41.76104,-70.701779,0
bd092f3d-9ca3-34da-8bb8-89417472c73f,811de503-055f-3d74-b10b-21b9ebbd145e,Marcia467 Mante251,F,CLINICAL SOCIAL WORKER,215 SANDWICH RD,WAREHAM,MA,02571-1637,41.76104,-70.701779,0
bd842aeb-2058-376a-a482-605acca4554c,811de503-055f-3d74-b10b-21b9ebbd145e,Odell776 White193,M,GENERAL PRACTICE,215 SANDWICH RD,WAREHAM,MA,02571-1637,41.76104,-70.701779,31
90062bad-4881-3deb-a31b-efe0e4b87ad3,811de503-055f-3d74-b10b-21b9ebbd145e,Danita413 White193,F,CLINICAL NURSE SPECIALIST,215 SANDWICH RD,WAREHAM,MA,02571-1637,41.76104,-70.701779,0
38e3f181-a7a2-3ca4-b2e1-107e44f7f0c3,525d4346-4aa8-3bf5-8e5b-397ac106fe51,Roslyn469 Mayert710,F,PHYSICAL THERAPY,340 PLEASANT ST,BROCKTON,MA,02301-3236,42.082543,-71.024638,0
5785bd50-67b0-3aa2-93a9-c1e1783dc635,525d4346-4aa8-3bf5-8e5b-397ac106fe51,Jayson808 Mayert710,M,GENERAL PRACTICE,340 PLEASANT ST,BROCKTON,MA,02301-3236,42.082543,-71.024638,35
9cbcf860-0964-348b-a887-1a3520f91ca0,6d764f44-0f5a-3f7c-9bb1-f9ffe015fcc1,Ronna740 Gulgowski816,F,GENERAL PRACTICE,1842 BEACON ST,BROOKLINE,MA,02445-1922,42.323853,-71.142003,54
e49a8b2c-6b3d-3b46-901b-bdc893260db2,f361eedf-8ff2-3500-8740-e7d121f9731d,Nathanial472 Jacobi462,M,PHYSICAL MEDICINE AND REHABILITATION,506 PLAIN ST,MARSHFIELD,MA,02050-2745,42.115139,-70.71033100000001,0
1a646fa9-0d30-3197-bc8e-1b31c9a6b46c,f361eedf-8ff2-3500-8740-e7d121f9731d,Wes853 Emmerich580,M,PHYSICAL MEDICINE AND REHABILITATION,506 PLAIN ST,MARSHFIELD,MA,02050-2745,42.115139,-70.71033100000001,0
17fc513d-ad8d-3c47-a03d-dffff25ecd1b,f361eedf-8ff2-3500-8740-e7d121f9731d,Nathanial472 Jacobi462,M,PHYSICAL THERAPY,506 PLAIN ST,MARSHFIELD,MA,02050-2745,42.115139,-70.71033100000001,0
3f1d3cae-78cc-34d3-8499-b7c4e98a9167,f361eedf-8ff2-3500-8740-e7d121f9731d,Thomasena108 Emmerich580,F,PHYSICAL THERAPY,506 PLAIN ST,MARSHFIELD,MA,02050-2745,42.115139,-70.71033100000001,0
d75a16fd-962a-38a1-a4da-e7384f349dee,f361eedf-8ff2-3500-8740-e7d121f9731d,Argentina169 Ruecker817,F,PHYSICAL THERAPY,506 PLAIN ST,MARSHFIELD,MA,02050-2745,42.115139,-70.71033100000001,0
8d1fdd9a-fae4-37e5-b95b-e0f66cc6e314,f361eedf-8ff2-3500-8740-e7d121f9731d,Alayna598 McClure239,F,PHYSICAL THERAPY,506 PLAIN ST,MARSHFIELD,MA,02050-2745,42.115139,-70.71033100000001,0
5ed6595a-c1e5-3872-8866-2b5a6d11778c,f361eedf-8ff2-3500-8740-e7d121f9731d,Lorna458 Howell947,F,PHYSICAL THERAPY,506 PLAIN ST,MARSHFIELD,MA,02050-2745,42.115139,-70.71033100000001,0
1591d02c-2db9-3192-b80e-6aec772594eb,f361eedf-8ff2-3500-8740-e7d121f9731d,Lavenia98 Durgan499,F,PHYSICAL THERAPY,506 PLAIN ST,MARSHFIELD,MA,02050-2745,42.115139,-70.71033100000001,0
18a28a8b-c3db-335c-b1a4-f2fd31ff6f19,f361eedf-8ff2-3500-8740-e7d121f9731d,Bernie827 Rolfson709,M,PHYSICAL THERAPY,506 PLAIN ST,MARSHFIELD,MA,02050-2745,42.115139,-70.71033100000001,0
fd3820a5-6e6d-355c-a5cc-4c4b35b84145,f361eedf-8ff2-3500-8740-e7d121f9731d,Fausto876 Marks830,M,PHYSICAL THERAPY,506 PLAIN ST,MARSHFIELD,MA,02050-2745,42.115139,-70.71033100000001,0
9cd85bb0-3f70-3fa7-847b-3b109a9f3de0,f361eedf-8ff2-3500-8740-e7d121f9731d,Elva122 Thompson596,F,PHYSICAL THERAPY,506 PLAIN ST,MARSHFIELD,MA,02050-2745,42.115139,-70.71033100000001,0
3a826322-3fcf-3762-9009-43b2c5b0d44e,f361eedf-8ff2-3500-8740-e7d121f9731d,Chris95 Price929,M,PHYSICAL THERAPY,506 PLAIN ST,MARSHFIELD,MA,02050-2745,42.115139,-70.71033100000001,0
150d84a4-a3dd-3e8d-9bba-1560dbe8932c,f361eedf-8ff2-3500-8740-e7d121f9731d,Nathanial472 Jacobi462,M,GENERAL PRACTICE,506 PLAIN ST,MARSHFIELD,MA,02050-2745,42.115139,-70.71033100000001,30
2dfa59cd-9929-3226-bf47-525313a76d37,87f6941d-90f6-3c1d-b443-4038458cf8d7,Kendall673 Blanda868,M,PHYSICAL THERAPY,15 W UNION ST,ASHLAND,MA,01721-1464,42.257754999999996,-71.473526,0
657eb107-956b-3fc0-b638-aa98917bd462,87f6941d-90f6-3c1d-b443-4038458cf8d7,Rocky100 Trantow673,M,PHYSICAL THERAPY,15 W UNION ST,ASHLAND,MA,01721-1464,42.257754999999996,-71.473526,0
a707937c-58ed-3f54-a884-89e99815c489,87f6941d-90f6-3c1d-b443-4038458cf8d7,Alda400 Erdman779,F,PHYSICAL THERAPY,15 W UNION ST,ASHLAND,MA,01721-1464,42.257754999999996,-71.473526,0
7cbfd879-df0c-3bc9-8180-3a1da3852595,87f6941d-90f6-3c1d-b443-4038458cf8d7,Sheila338 Gaylord332,F,PHYSICAL THERAPY,15 W UNION ST,ASHLAND,MA,01721-1464,42.257754999999996,-71.473526,0
07e88dfd-4e0c-35ee-bec7-7682f14433f2,87f6941d-90f6-3c1d-b443-4038458cf8d7,Mona85 Stanton715,F,PHYSICAL THERAPY,15 W UNION ST,ASHLAND,MA,01721-1464,42.257754999999996,-71.473526,0
c5b1dc7d-4645-30eb-a817-8a12660702ba,87f6941d-90f6-3c1d-b443-4038458cf8d7,Esperanza675 Zarate81,F,PHYSICAL THERAPY,15 W UNION ST,ASHLAND,MA,01721-1464,42.257754999999996,-71.473526,0
9bf385e1-1c19-3d4a-9895-af529b4df120,87f6941d-90f6-3c1d-b443-4038458cf8d7,Jamel269 Eichmann909,M,PHYSICAL THERAPY,15 W UNION ST,ASHLAND,MA,01721-1464,42.257754999999996,-71.473526,0
1c77821c-ff35-3484-833e-e650a212a4fd,87f6941d-90f6-3c1d-b443-4038458cf8d7,Oliver401 Bartoletti50,M,PHYSICAL THERAPY,15 W UNION ST,ASHLAND,MA,01721-1464,42.257754999999996,-71.473526,0
03676015-2f5d-301f-b5b3-87059f713f82,87f6941d-90f6-3c1d-b443-4038458cf8d7,Edward499 Heaney114,M,PHYSICAL THERAPY,15 W UNION ST,ASHLAND,MA,01721-1464,42.257754999999996,-71.473526,0
3facb25a-adba-3969-8481-e7fc41b73ad6,87f6941d-90f6-3c1d-b443-4038458cf8d7,Clara183 Olivares593,F,PHYSICAL THERAPY,15 W UNION ST,ASHLAND,MA,01721-1464,42.257754999999996,-71.473526,0
ee658711-ce5b-387f-ac43-1d31e32a8ded,87f6941d-90f6-3c1d-b443-4038458cf8d7,Salome647 Runte676,F,PHYSICAL THERAPY,15 W UNION ST,ASHLAND,MA,01721-1464,42.257754999999996,-71.473526,0
380a9fd2-34b8-39fd-9ed8-aaf12aa4357a,87f6941d-90f6-3c1d-b443-4038458cf8d7,Kendall673 Blanda868,M,GENERAL PRACTICE,15 W UNION ST,ASHLAND,MA,01721-1464,42.257754999999996,-71.473526,21
988ab590-1dc4-319f-80dd-278a369bb185,c0138ea8-3e27-37ba-afb8-7237f58c62f8,Olin642 Borer986,M,FAMILY PRACTICE,20 ELM ST,PITTSFIELD,MA,01201-6502,42.451840000000004,-73.260685,0
7159b25d-c16d-35c5-9f1b-7c7289a9d1e0,c0138ea8-3e27-37ba-afb8-7237f58c62f8,Jaymie769 Upton904,F,FAMILY PRACTICE,20 ELM ST,PITTSFIELD,MA,01201-6502,42.451840000000004,-73.260685,0
536cd3c2-e61b-39f4-b3d4-4138264f87f5,c0138ea8-3e27-37ba-afb8-7237f58c62f8,Arianna984 Emmerich580,F,FAMILY PRACTICE,20 ELM ST,PITTSFIELD,MA,01201-6502,42.451840000000004,-73.260685,0
1f09c51c-17ca-3116-988e-32cb373dddae,c0138ea8-3e27-37ba-afb8-7237f58c62f8,Alberta625 Barton704,F,FAMILY PRACTICE,20 ELM ST,PITTSFIELD,MA,01201-6502,42.451840000000004,-73.260685,0
c3561bde-4447-3760-b047-e9da978d8404,c0138ea8-3e27-37ba-afb8-7237f58c62f8,Quinton758 McClure239,M,FAMILY PRACTICE,20 ELM ST,PITTSFIELD,MA,01201-6502,42.451840000000004,-73.260685,0
912beec5-5046-3c97-94ab-a13e89ae8fd4,c0138ea8-3e27-37ba-afb8-7237f58c62f8,Alonzo487 Jacobi462,M,FAMILY PRACTICE,20 ELM ST,PITTSFIELD,MA,01201-6502,42.451840000000004,-73.260685,0
3d138105-acd6-37e5-bc84-6cbff0ce2e85,c0138ea8-3e27-37ba-afb8-7237f58c62f8,Vanetta255 Effertz744,F,FAMILY PRACTICE,20 ELM ST,PITTSFIELD,MA,01201-6502,42.451840000000004,-73.260685,0
f6634ab4-118f-3903-bc6d-faf7ebfcd5e8,c0138ea8-3e27-37ba-afb8-7237f58c62f8,Olin642 Borer986,M,GENERAL PRACTICE,20 ELM ST,PITTSFIELD,MA,01201-6502,42.451840000000004,-73.260685,113
4965b30a-a43c-3a21-8025-c109d75b7f3e,c0138ea8-3e27-37ba-afb8-7237f58c62f8,Olin642 Borer986,M,INTERNAL MEDICINE,20 ELM ST,PITTSFIELD,MA,01201-6502,42.451840000000004,-73.260685,0
d74c67b9-2b00-3356-acd9-6a1272bc78f2,0c4ef539-ce2d-3ed5-9b25-1c5de505cd38,Danny396 Harris789,M,CHIROPRACTIC,366 MASSACHUSETTS AVE,ARLINGTON,MA,02474-6731,42.418721999999995,-71.163912,0
e9d60d9f-5611-3816-b9ec-3bb94e48727a,0c4ef539-ce2d-3ed5-9b25-1c5de505cd38,Vida128 Hilll811,F,CHIROPRACTIC,366 MASSACHUSETTS AVE,ARLINGTON,MA,02474-6731,42.418721999999995,-71.163912,0
36adc3aa-578d-3720-82ee-6dcd76aad38f,0c4ef539-ce2d-3ed5-9b25-1c5de505cd38,Danny396 Harris789,M,PSYCHIATRY,366 MASSACHUSETTS AVE,ARLINGTON,MA,02474-6731,42.418721999999995,-71.163912,0
2403d2ac-37b8-3bfe-a3ef-30512a03f983,0c4ef539-ce2d-3ed5-9b25-1c5de505cd38,Vida128 Hilll811,F,PSYCHIATRY,366 MASSACHUSETTS AVE,ARLINGTON,MA,02474-6731,42.418721999999995,-71.163912,0
d804be24-b78d-3bf7-be0b-019672aca525,0c4ef539-ce2d-3ed5-9b25-1c5de505cd38,Alanna27 Harris789,F,GENERAL PRACTICE,366 MASSACHUSETTS AVE,ARLINGTON,MA,02474-6731,42.418721999999995,-71.163912,28
d6039c3b-882e-38ab-9334-671b52c52849,a012f4a2-ce37-3ffc-b5ba-5acbd5975469,Roy364 Mueller846,M,CERTIFIED REGISTERED NURSE ANESTHETIST,242 MAIN ST,AMESBURY,MA,01913-3764,42.851284,-70.955837,0
07405d9d-5745-38b9-b301-45c51a6cc32d,a012f4a2-ce37-3ffc-b5ba-5acbd5975469,Roy364 Mueller846,M,ORAL SURGERY,242 MAIN ST,AMESBURY,MA,01913-3764,42.851284,-70.955837,0
106eff6b-5d1c-3ae2-88d1-7a6f0fc1a89e,a012f4a2-ce37-3ffc-b5ba-5acbd5975469,Roy364 Mueller846,M,MAXILLOFACIAL SURGERY,242 MAIN ST,AMESBURY,MA,01913-3764,42.851284,-70.955837,0
74788d37-e8cb-3f08-b56c-fa5fe3f71a3a,a012f4a2-ce37-3ffc-b5ba-5acbd5975469,Yvonne357 Mueller846,F,GENERAL PRACTICE,242 MAIN ST,AMESBURY,MA,01913-3764,42.851284,-70.955837,54
409cc2b2-41e7-3439-9ee0-ba9b68c385e5,a8b36eec-d44f-379c-acd2-d3d082bca238,Crysta430 Schuster709,F,CHIROPRACTIC,1020 PLAIN ST,MARSHFIELD,MA,02050-2179,42.115139,-70.71033100000001,0
bbd11ae4-e1f4-38c0-8fe9-b21ce5bab691,a8b36eec-d44f-379c-acd2-d3d082bca238,Chantel847 Nikolaus26,F,CHIROPRACTIC,1020 PLAIN ST,MARSHFIELD,MA,02050-2179,42.115139,-70.71033100000001,0
227a61ea-989c-30be-bb3a-aac7f8369528,a8b36eec-d44f-379c-acd2-d3d082bca238,Crysta430 Schuster709,F,GENERAL PRACTICE,1020 PLAIN ST,MARSHFIELD,MA,02050-2179,42.115139,-70.71033100000001,2
c52d702b-c39d-32d2-acea-9a126b2d1a42,75ac3572-9c8c-3e6c-b960-51716a14a483,Merlyn225 Keebler762,F,OBSTETRICS/GYNECOLOGY,9 COLBY ST,SALEM,MA,01970-1901,42.499248,-70.898204,0
63d13831-de58-3782-b27a-2a9d5a2aad87,75ac3572-9c8c-3e6c-b960-51716a14a483,Merlyn225 Keebler762,F,GENERAL PRACTICE,9 COLBY ST,SALEM,MA,01970-1901,42.499248,-70.898204,32
e514f3ef-65f2-3917-b2a1-fe4634a9de26,bdbe5a28-66cd-37af-b959-ecb293bc6908,Bryan958 Predovic534,M,GENERAL PRACTICE,101 AMESBURY ST,LAWRENCE,MA,01840-1311,42.700272999999996,-71.161357,39
785e0cae-daec-3947-965e-57d83f798075,31443b29-9fc0-3abd-b119-2ebc1ee64e17,Andy346 DuBuque211,M,GENERAL PRACTICE,70 COURT ST,WESTFIELD,MA,01085-1855,42.138838,-72.755911,24
17e0ef6c-f69a-36b1-8cd4-c9d29f030894,200fda80-4f41-3747-bfb4-5db70c2e3868,Antonia30 Kemmer137,M,OPHTHALMOLOGY,274 WESTFIELD ST,WEST SPRINGFIELD,MA,01089-2572,42.125451,-72.649734,0
716f256a-f11f-356d-94ec-1ab561b6e36d,200fda80-4f41-3747-bfb4-5db70c2e3868,Ilse197 Kemmer137,F,GENERAL PRACTICE,274 WESTFIELD ST,WEST SPRINGFIELD,MA,01089-2572,42.125451,-72.649734,49
70745dde-e442-3f8a-8b7e-360db463d387,871452d1-2b77-3981-92ce-a3c3c6dc4be5,Kellee902 Lockman863,F,GENERAL PRACTICE,16 WATER HOUSE RD,BOURNE,MA,02532,41.717459999999996,-70.591824,45
aef19cd6-3156-3e25-b077-e8cae9b7c365,871452d1-2b77-3981-92ce-a3c3c6dc4be5,Noe500 Lockman863,M,INTERNAL MEDICINE,16 WATER HOUSE RD,BOURNE,MA,02532,41.717459999999996,-70.591824,0
e4ad9e9d-02fb-36ea-bf0a-52bd2c32c5d6,871452d1-2b77-3981-92ce-a3c3c6dc4be5,Jona712 McDermott739,F,INTERNAL MEDICINE,16 WATER HOUSE RD,BOURNE,MA,02532,41.717459999999996,-70.591824,0
0d38fd4d-9db4-3e3a-af9a-d2a7ffc8c5a4,0fad13aa-142b-360d-8730-56777abc3e9b,Daren950 Murphy561,M,GENERAL PRACTICE,776 LONGMEADOW ST,LONGMEADOW,MA,01106-2219,42.047565000000006,-72.57113000000001,16
b9243adc-ba6e-3020-953d-361f2b7d9b6e,0fad13aa-142b-360d-8730-56777abc3e9b,Ouida808 Murphy561,F,PLASTIC AND RECONSTRUCTIVE SURGERY,776 LONGMEADOW ST,LONGMEADOW,MA,01106-2219,42.047565000000006,-72.57113000000001,0
1821454c-5a64-3a30-bb0f-34a46b87fdca,150d4bec-d11c-3014-8818-45127743725d,Danille883 Beatty507,F,PHYSICAL THERAPY,69 BAYVIEW AVE,BERKLEY,MA,02779-1924,41.838060999999996,-71.07761500000001,0
c9569fbe-d6e6-300d-8e53-6576bb8730e0,150d4bec-d11c-3014-8818-45127743725d,Timothy142 Beatty507,M,GENERAL PRACTICE,69 BAYVIEW AVE,BERKLEY,MA,02779-1924,41.838060999999996,-71.07761500000001,39
c906b053-086b-365f-96fa-6327bcda1186,ee7b0816-148e-387c-9294-4f2bc952e515,Bill567 Yundt842,M,NURSE PRACTITIONER,111 TORREY ST,BROCKTON,MA,02301-4800,42.082543,-71.024638,0
7105dccd-09a3-3d7f-a19b-6ac70b75fa3d,ee7b0816-148e-387c-9294-4f2bc952e515,Bill567 Yundt842,M,CLINICAL PSYCHOLOGIST,111 TORREY ST,BROCKTON,MA,02301-4800,42.082543,-71.024638,0
6270f5c6-ceaa-37df-9468-d88844e4c1d9,ee7b0816-148e-387c-9294-4f2bc952e515,Felton646 Schoen8,M,CLINICAL PSYCHOLOGIST,111 TORREY ST,BROCKTON,MA,02301-4800,42.082543,-71.024638,0
05800875-1b5e-3f33-ab9c-5796d3bd07b1,ee7b0816-148e-387c-9294-4f2bc952e515,Stephany248 Yundt842,F,CLINICAL SOCIAL WORKER,111 TORREY ST,BROCKTON,MA,02301-4800,42.082543,-71.024638,0
48a7ad68-68ba-385b-806c-ffae4c7e9ba5,ee7b0816-148e-387c-9294-4f2bc952e515,Shaniqua618 Schoen8,F,CLINICAL SOCIAL WORKER,111 TORREY ST,BROCKTON,MA,02301-4800,42.082543,-71.024638,0
08de9145-e925-323f-a301-6937f9550712,ee7b0816-148e-387c-9294-4f2bc952e515,Terrell212 Carroll471,M,CLINICAL SOCIAL WORKER,111 TORREY ST,BROCKTON,MA,02301-4800,42.082543,-71.024638,0
418e961e-3c06-342b-87d6-676e8eb74718,ee7b0816-148e-387c-9294-4f2bc952e515,Johanna547 Weber641,F,CLINICAL SOCIAL WORKER,111 TORREY ST,BROCKTON,MA,02301-4800,42.082543,-71.024638,0
97ed1923-3b52-3e2a-ae0c-b7abfe3a05cd,ee7b0816-148e-387c-9294-4f2bc952e515,Lizzie15 Kris249,F,CLINICAL SOCIAL WORKER,111 TORREY ST,BROCKTON,MA,02301-4800,42.082543,-71.024638,0
cf70d95a-64d4-3f02-9bde-19372fcd8108,ee7b0816-148e-387c-9294-4f2bc952e515,Marcelo725 Gulgowski816,M,CLINICAL SOCIAL WORKER,111 TORREY ST,BROCKTON,MA,02301-4800,42.082543,-71.024638,0
af7a41d5-9b3c-38c7-b1f2-319c7febc9c8,ee7b0816-148e-387c-9294-4f2bc952e515,Clementina782 Mohr916,F,CLINICAL SOCIAL WORKER,111 TORREY ST,BROCKTON,MA,02301-4800,42.082543,-71.024638,0
dc9aea50-5511-33d2-baa9-20818c33c60b,ee7b0816-148e-387c-9294-4f2bc952e515,Carolynn568 Kautzer186,F,CLINICAL SOCIAL WORKER,111 TORREY ST,BROCKTON,MA,02301-4800,42.082543,-71.024638,0
8e87aa90-d406-3ca2-822c-c09b95f21926,ee7b0816-148e-387c-9294-4f2bc952e515,Stephany248 Yundt842,F,CERTIFIED NURSE MIDWIFE,111 TORREY ST,BROCKTON,MA,02301-4800,42.082543,-71.024638,0
061a8fc0-2b16-314a-b777-3642a5ae2180,ee7b0816-148e-387c-9294-4f2bc952e515,Bill567 Yundt842,M,FAMILY PRACTICE,111 TORREY ST,BROCKTON,MA,02301-4800,42.082543,-71.024638,0
3672372b-0c4f-31bf-940c-031c050c50eb,ee7b0816-148e-387c-9294-4f2bc952e515,Felton646 Schoen8,M,FAMILY PRACTICE,111 TORREY ST,BROCKTON,MA,02301-4800,42.082543,-71.024638,0
c2f6094b-37fd-3b51-902c-ecafb36b457d,ee7b0816-148e-387c-9294-4f2bc952e515,Bill567 Yundt842,M,GENERAL PRACTICE,111 TORREY ST,BROCKTON,MA,02301-4800,42.082543,-71.024638,29
bdafbfa6-2f66-3894-b795-0ddde9a6414b,c13aae5c-3443-371c-a343-60f2c46d6852,Waylon572 Wintheiser220,M,GENERAL PRACTICE,12 CANDLEWOOD LN,DENNIS PORT,MA,02639-1334,41.666903999999995,-70.135645,29
9d1c15b6-741f-3900-aff0-9d3c5a7dcb74,c13aae5c-3443-371c-a343-60f2c46d6852,Waylon572 Wintheiser220,M,CLINICAL NURSE SPECIALIST,12 CANDLEWOOD LN,DENNIS PORT,MA,02639-1334,41.666903999999995,-70.135645,0
4df0b1c9-b971-3186-965e-22685b69381b,c13aae5c-3443-371c-a343-60f2c46d6852,Avis183 Sawayn19,F,CLINICAL NURSE SPECIALIST,12 CANDLEWOOD LN,DENNIS PORT,MA,02639-1334,41.666903999999995,-70.135645,0
3acd12a7-698e-3682-a666-f8b3357350d3,2fd9bdee-861e-333f-abb2-52f40dbd2e97,Guillermina633 Henríquez109,F,GENERAL PRACTICE,1250 HANCOCK ST,QUINCY,MA,02169-4331,42.261006,-71.008988,35
ebbdbfc8-a63b-30ee-842c-a5d5c0413a07,d68d84e2-8771-345d-9af3-9f000c25a286,Catharine355 Mitchell808,F,ORAL SURGERY,486 WASHINGTON ST,WELLESLEY,MA,02482-5971,42.305932,-71.282917,0
c013c8a7-3e5a-3b56-92cf-6f06b19610a0,d68d84e2-8771-345d-9af3-9f000c25a286,Keenan632 Mitchell808,M,MAXILLOFACIAL SURGERY,486 WASHINGTON ST,WELLESLEY,MA,02482-5971,42.305932,-71.282917,0
7d4bd815-021a-312d-abd6-4cf1d798b9e0,d68d84e2-8771-345d-9af3-9f000c25a286,Robert854 Jones311,M,MAXILLOFACIAL SURGERY,486 WASHINGTON ST,WELLESLEY,MA,02482-5971,42.305932,-71.282917,0
020c187a-c399-3ca5-8e51-4f1c5a77b5af,d68d84e2-8771-345d-9af3-9f000c25a286,Catharine355 Mitchell808,F,GENERAL PRACTICE,486 WASHINGTON ST,WELLESLEY,MA,02482-5971,42.305932,-71.282917,23
3db6cbd8-51d4-3d37-83f2-056e26535bdb,2af22601-e642-38dd-b032-22e0947f6b1e,Bobby524 Schamberger479,M,NURSE PRACTITIONER,184 W MAIN ST,NORTON,MA,02766-1243,41.965340999999995,-71.18178,0
34c6478f-f425-3219-9097-e61354a773e6,2af22601-e642-38dd-b032-22e0947f6b1e,Desirae249 Moen819,F,NURSE PRACTITIONER,184 W MAIN ST,NORTON,MA,02766-1243,41.965340999999995,-71.18178,0
7e4c4610-f5f8-3482-8f41-2c306824fee5,2af22601-e642-38dd-b032-22e0947f6b1e,Bobby524 Schamberger479,M,PHYSICAL THERAPY,184 W MAIN ST,NORTON,MA,02766-1243,41.965340999999995,-71.18178,0
9abf2f31-cfb6-3bac-8b78-1079829367bb,2af22601-e642-38dd-b032-22e0947f6b1e,Desirae249 Moen819,F,PHYSICAL THERAPY,184 W MAIN ST,NORTON,MA,02766-1243,41.965340999999995,-71.18178,0
b85787ff-8cdf-3ba8-be08-f4d582581e4e,2af22601-e642-38dd-b032-22e0947f6b1e,Bobby524 Schamberger479,M,GENERAL PRACTICE,184 W MAIN ST,NORTON,MA,02766-1243,41.965340999999995,-71.18178,91
5663c7bf-59c7-3983-834d-3f51aaf00eee,45cd187a-1dd6-349f-88d5-c6a30e70fbb5,Frederic454 Johnston597,M,GENERAL PRACTICE,29 B COTTAGE ST,AMHERST,MA,01002-1206,42.363534,-72.50729100000001,36
3f1df9b1-95d5-3a5f-b71c-483c24cb51c3,6b6e3359-cd17-3d26-ba37-248d9aa80763,Federico589 Sanches349,M,PSYCHIATRY,100 GOULD RD,MONTEREY,MA,01245,42.186893,-73.223105,0
6bb17b8f-2fe8-3fb0-8d4a-fd43bd2ebbb8,6b6e3359-cd17-3d26-ba37-248d9aa80763,Miquel905 Abernathy524,M,GENERAL PRACTICE,100 GOULD RD,MONTEREY,MA,01245,42.186893,-73.223105,69
cdfd85d7-0f5f-3d46-b58b-0ca67a8ee225,7b4ee97a-0723-3538-900c-0a9680a6c021,Tod265 Graham902,M,OPTOMETRY,382 STATE RD,DARTMOUTH,MA,02747-4302,41.56651,-70.958229,0
08945343-95e3-343c-aba4-baa25ee47e89,7b4ee97a-0723-3538-900c-0a9680a6c021,Helga481 Braun514,F,OPTOMETRY,382 STATE RD,DARTMOUTH,MA,02747-4302,41.56651,-70.958229,0
f98b997b-af91-3369-a917-440fd129b3d3,7b4ee97a-0723-3538-900c-0a9680a6c021,Olin642 Jerde200,M,OPTOMETRY,382 STATE RD,DARTMOUTH,MA,02747-4302,41.56651,-70.958229,0
59516d6a-a66d-3d1b-90f3-057807bc0b34,7b4ee97a-0723-3538-900c-0a9680a6c021,Yong583 Feeney44,M,OPTOMETRY,382 STATE RD,DARTMOUTH,MA,02747-4302,41.56651,-70.958229,0
a0bb59b7-871a-3c65-aead-1c5ad1078dda,7b4ee97a-0723-3538-900c-0a9680a6c021,Breanna581 Sanford861,F,OPTOMETRY,382 STATE RD,DARTMOUTH,MA,02747-4302,41.56651,-70.958229,0
67031169-2416-3929-9343-3c646b068778,7b4ee97a-0723-3538-900c-0a9680a6c021,Ardelia466 Mertz280,F,OPTOMETRY,382 STATE RD,DARTMOUTH,MA,02747-4302,41.56651,-70.958229,0
06582768-daee-33b2-ba3c-d2b0aac57348,7b4ee97a-0723-3538-900c-0a9680a6c021,Alvin56 Ullrich385,M,OPTOMETRY,382 STATE RD,DARTMOUTH,MA,02747-4302,41.56651,-70.958229,0
01837bab-b560-3163-b350-b4e5d008873a,7b4ee97a-0723-3538-900c-0a9680a6c021,Andrés117 Porras535,M,OPTOMETRY,382 STATE RD,DARTMOUTH,MA,02747-4302,41.56651,-70.958229,0
a4df2b39-c4b9-36e2-a646-fea2dfb66a28,7b4ee97a-0723-3538-900c-0a9680a6c021,Roselee899 Bechtelar572,F,OPTOMETRY,382 STATE RD,DARTMOUTH,MA,02747-4302,41.56651,-70.958229,0
3b088d32-6c07-3f4e-b992-c38c8e514aa0,7b4ee97a-0723-3538-900c-0a9680a6c021,Sofia418 Saavedra625,F,OPTOMETRY,382 STATE RD,DARTMOUTH,MA,02747-4302,41.56651,-70.958229,0
7c68fe1e-d6c9-3c1a-a7f3-643e34b08b70,7b4ee97a-0723-3538-900c-0a9680a6c021,Moira454 Quitzon246,F,OPTOMETRY,382 STATE RD,DARTMOUTH,MA,02747-4302,41.56651,-70.958229,0
e8e14f49-ea54-322b-ba8c-c14da46d8443,7b4ee97a-0723-3538-900c-0a9680a6c021,Latanya388 Legros616,F,OPTOMETRY,382 STATE RD,DARTMOUTH,MA,02747-4302,41.56651,-70.958229,0
e24e6a5c-3f75-3c36-a7f1-32da2a6e2165,7b4ee97a-0723-3538-900c-0a9680a6c021,January966 Graham902,F,GENERAL PRACTICE,382 STATE RD,DARTMOUTH,MA,02747-4302,41.56651,-70.958229,52
5cea594d-20d2-357f-bfc6-d78c6fb61292,a3bba89b-a75c-31d4-9192-1d2bb6521a79,Deonna907 Durgan499,F,NURSE PRACTITIONER,105 WEBSTER ST,HANOVER,MA,02339-1227,42.122956,-70.85631,0
87cc3820-ba57-3ad0-9147-2dbc22905a96,a3bba89b-a75c-31d4-9192-1d2bb6521a79,María del Carmen27 Varela93,F,NURSE PRACTITIONER,105 WEBSTER ST,HANOVER,MA,02339-1227,42.122956,-70.85631,0
96d1988c-5c3d-3648-9e37-f3f8e10920fe,a3bba89b-a75c-31d4-9192-1d2bb6521a79,Gabriele201 Marks830,F,NURSE PRACTITIONER,105 WEBSTER ST,HANOVER,MA,02339-1227,42.122956,-70.85631,0
642af0c4-43d1-3ac0-99ad-07a9ee49715e,a3bba89b-a75c-31d4-9192-1d2bb6521a79,Jules135 Howell947,M,NURSE PRACTITIONER,105 WEBSTER ST,HANOVER,MA,02339-1227,42.122956,-70.85631,0
5044e8bf-e766-3d05-901b-a65e28fc2adc,a3bba89b-a75c-31d4-9192-1d2bb6521a79,Boyce638 Price929,M,NURSE PRACTITIONER,105 WEBSTER ST,HANOVER,MA,02339-1227,42.122956,-70.85631,0
58574159-f611-3e67-8a51-1d481605cd84,a3bba89b-a75c-31d4-9192-1d2bb6521a79,Stormy472 Larson43,F,NURSE PRACTITIONER,105 WEBSTER ST,HANOVER,MA,02339-1227,42.122956,-70.85631,0
c13a053b-31c3-3517-b75b-887b4bb8786b,a3bba89b-a75c-31d4-9192-1d2bb6521a79,Lanny564 Spinka232,M,NURSE PRACTITIONER,105 WEBSTER ST,HANOVER,MA,02339-1227,42.122956,-70.85631,0
4d3216c8-da83-3239-8c68-0f3587bbc03c,a3bba89b-a75c-31d4-9192-1d2bb6521a79,Rueben647 Thompson596,M,NURSE PRACTITIONER,105 WEBSTER ST,HANOVER,MA,02339-1227,42.122956,-70.85631,0
6fe58d61-4dfd-3e59-8255-ad6eb8672a40,a3bba89b-a75c-31d4-9192-1d2bb6521a79,Marci572 Dicki44,F,NURSE PRACTITIONER,105 WEBSTER ST,HANOVER,MA,02339-1227,42.122956,-70.85631,0
b5ce7c59-e7aa-3563-8aa0-7ef8caa04446,a3bba89b-a75c-31d4-9192-1d2bb6521a79,Marlon619 Altenwerth646,M,NURSE PRACTITIONER,105 WEBSTER ST,HANOVER,MA,02339-1227,42.122956,-70.85631,0
c284b41c-334e-3e29-be60-dea964dbb721,a3bba89b-a75c-31d4-9192-1d2bb6521a79,Deonna907 Durgan499,F,CLINICAL PSYCHOLOGIST,105 WEBSTER ST,HANOVER,MA,02339-1227,42.122956,-70.85631,0
50e72633-233c-3840-84ba-8e1270ee3d5a,a3bba89b-a75c-31d4-9192-1d2bb6521a79,María del Carmen27 Varela93,F,CLINICAL PSYCHOLOGIST,105 WEBSTER ST,HANOVER,MA,02339-1227,42.122956,-70.85631,0
9a53b0c5-ab4d-3357-afb0-990ed988d376,a3bba89b-a75c-31d4-9192-1d2bb6521a79,Gabriele201 Marks830,F,CLINICAL PSYCHOLOGIST,105 WEBSTER ST,HANOVER,MA,02339-1227,42.122956,-70.85631,0
f83efccf-9399-308f-a8de-f117d36d5525,a3bba89b-a75c-31d4-9192-1d2bb6521a79,Elouise806 Howell947,F,CLINICAL PSYCHOLOGIST,105 WEBSTER ST,HANOVER,MA,02339-1227,42.122956,-70.85631,0
0cc660b0-78c3-3189-aa84-86a4bf4e95cd,a3bba89b-a75c-31d4-9192-1d2bb6521a79,Deonna907 Durgan499,F,CLINICAL SOCIAL WORKER,105 WEBSTER ST,HANOVER,MA,02339-1227,42.122956,-70.85631,0
9eafbdd9-dd72-3c7e-a676-394a496aa073,a3bba89b-a75c-31d4-9192-1d2bb6521a79,Coralee911 Balistreri607,F,CLINICAL SOCIAL WORKER,105 WEBSTER ST,HANOVER,MA,02339-1227,42.122956,-70.85631,0
61eb5729-9dbc-333d-9da4-b0d733668aa0,a3bba89b-a75c-31d4-9192-1d2bb6521a79,Gabriele201 Marks830,F,CLINICAL SOCIAL WORKER,105 WEBSTER ST,HANOVER,MA,02339-1227,42.122956,-70.85631,0
22093fb4-09f4-309c-a1cf-b1dc073b9f04,a3bba89b-a75c-31d4-9192-1d2bb6521a79,Elouise806 Howell947,F,CLINICAL SOCIAL WORKER,105 WEBSTER ST,HANOVER,MA,02339-1227,42.122956,-70.85631,0
67b39359-4f64-3d1e-be67-73c602927d0c,a3bba89b-a75c-31d4-9192-1d2bb6521a79,Deonna907 Durgan499,F,GENERAL PRACTICE,105 WEBSTER ST,HANOVER,MA,02339-1227,42.122956,-70.85631,35
4df44d81-e109-37fd-91b5-b7c31690028f,a3bba89b-a75c-31d4-9192-1d2bb6521a79,Rickey821 Durgan499,M,CLINICAL NURSE SPECIALIST,105 WEBSTER ST,HANOVER,MA,02339-1227,42.122956,-70.85631,0
3214a24e-2fa0-31b2-b2c3-a23a1ce82c0e,a3bba89b-a75c-31d4-9192-1d2bb6521a79,Aron520 Balistreri607,M,CLINICAL NURSE SPECIALIST,105 WEBSTER ST,HANOVER,MA,02339-1227,42.122956,-70.85631,0
b1c34af3-7413-3c8a-bb9a-d60d2d9bdf4e,a3bba89b-a75c-31d4-9192-1d2bb6521a79,Gabriele201 Marks830,F,CLINICAL NURSE SPECIALIST,105 WEBSTER ST,HANOVER,MA,02339-1227,42.122956,-70.85631,0
3284e085-7fd6-3685-8b78-6c47b402395f,a3bba89b-a75c-31d4-9192-1d2bb6521a79,Jules135 Howell947,M,CLINICAL NURSE SPECIALIST,105 WEBSTER ST,HANOVER,MA,02339-1227,42.122956,-70.85631,0
7d263393-257e-3cae-9e3b-4d5d099edd94,a3bba89b-a75c-31d4-9192-1d2bb6521a79,Tish18 Price929,F,CLINICAL NURSE SPECIALIST,105 WEBSTER ST,HANOVER,MA,02339-1227,42.122956,-70.85631,0
2af4a6d2-3b86-3750-a1d7-20bc07f35811,a3bba89b-a75c-31d4-9192-1d2bb6521a79,Frances376 Larson43,M,CLINICAL NURSE SPECIALIST,105 WEBSTER ST,HANOVER,MA,02339-1227,42.122956,-70.85631,0
bfe75378-2b7e-3bfe-84e9-11a60d5bff58,9a457e82-d5d7-3884-921d-800b874ae60d,Clayton230 Wiegand701,M,GENERAL PRACTICE,50 N 2ND ST,NEW BEDFORD,MA,02740-6272,41.661303000000004,-70.937913,30
a5284e08-8ed2-330e-b129-dde7be99bb92,7753a595-c36a-360d-9fe9-226a9f7b822e,Alanna27 Littel644,F,DIAGNOSTIC RADIOLOGY,14 RICE RD,TEMPLETON,MA,01468-1332,42.563482,-72.07547199999999,0
376a4d63-9283-3f4d-a898-75d09dcfefe8,7753a595-c36a-360d-9fe9-226a9f7b822e,Viki353 McClure239,F,DIAGNOSTIC RADIOLOGY,14 RICE RD,TEMPLETON,MA,01468-1332,42.563482,-72.07547199999999,0
5d8411dd-0f1b-3d23-96e3-1cd7f5d3fc01,7753a595-c36a-360d-9fe9-226a9f7b822e,Brian582 Ullrich385,F,DIAGNOSTIC RADIOLOGY,14 RICE RD,TEMPLETON,MA,01468-1332,42.563482,-72.07547199999999,0
2d21bc87-5549-300f-b089-b30533c0704f,7753a595-c36a-360d-9fe9-226a9f7b822e,Cornell131 Reilly981,M,DIAGNOSTIC RADIOLOGY,14 RICE RD,TEMPLETON,MA,01468-1332,42.563482,-72.07547199999999,0
42ffb7ed-518c-3250-be8d-760bfe980346,7753a595-c36a-360d-9fe9-226a9f7b822e,Naomi520 Barton704,F,DIAGNOSTIC RADIOLOGY,14 RICE RD,TEMPLETON,MA,01468-1332,42.563482,-72.07547199999999,0
cbd5ac19-30df-348c-be0b-9104a7b1740c,7753a595-c36a-360d-9fe9-226a9f7b822e,Alanna27 Littel644,F,GENERAL PRACTICE,14 RICE RD,TEMPLETON,MA,01468-1332,42.563482,-72.07547199999999,72
bd827b8e-8ab0-302b-ba03-388c3e188047,030d23fc-240c-3526-965a-3bddaa5535bb,Boyce638 Wunsch504,M,PODIATRY,53 MAIN ST,SOMERVILLE,MA,02145-1448,42.390445,-71.101033,0
875e7e3f-4c4a-3756-b05f-ee6e08ee6520,030d23fc-240c-3526-965a-3bddaa5535bb,Frances376 Aufderhar910,M,PODIATRY,53 MAIN ST,SOMERVILLE,MA,02145-1448,42.390445,-71.101033,0
1d17ce8e-7b64-3e2f-b309-a7c87fd0255a,030d23fc-240c-3526-965a-3bddaa5535bb,Boyce638 Wunsch504,M,GENERAL PRACTICE,53 MAIN ST,SOMERVILLE,MA,02145-1448,42.390445,-71.101033,38
2c316e2a-e6d0-3164-9032-e6d604a03fb9,6040b2da-71a1-3d12-a777-427cbb929931,Jan231 Block661,M,CHIROPRACTIC,46 MAIN RD,MONTGOMERY,MA,01085-9522,42.220395,-72.834999,0
2f0ae67c-a599-3fd2-b125-1d806206a65f,6040b2da-71a1-3d12-a777-427cbb929931,Abe604 Treutel973,M,CHIROPRACTIC,46 MAIN RD,MONTGOMERY,MA,01085-9522,42.220395,-72.834999,0
2de8a8bc-4e82-3355-80cc-13623cdd2c1b,6040b2da-71a1-3d12-a777-427cbb929931,Kourtney511 Block661,F,GENERAL PRACTICE,46 MAIN RD,MONTGOMERY,MA,01085-9522,42.220395,-72.834999,26
dc05686d-4ac3-356f-a6a0-5121b9fc6f75,4b02e56a-7864-3e69-af83-065a9ce5f7e7,Venice604 Yost751,F,GENERAL PRACTICE,170 POND RD,WEST TISBURY,MA,02575-0130,41.394406,-70.656447,62
1104fefb-9f5f-36de-aa8a-fec5fca115c4,840f740e-0a45-3a39-82bc-33413310d0a3,Trevor374 Nienow652,M,GENERAL PRACTICE,41 HIGHLAND AVE,WINCHESTER,MA,01890-1496,42.452752000000004,-71.144319,56
a60b9e53-6caa-3c21-9c54-06c9fa3ec803,e204d54b-9e41-3aec-a681-8a0929a652d5,Tashina114 Goodwin327,F,GENERAL PRACTICE,990 PARADISE RD,SWAMPSCOTT,MA,01907-1395,42.468059000000004,-70.89126,36
e77f1d33-cdd6-3d75-9bdc-ef2f61a326eb,395a9f52-1f2d-35cd-8cfe-35e2771f8921,Helaine42 Gleason633,F,REGISTERED DIETITIAN OR NUTRITION PROFESSIONAL,567 CENTRAL ST,BOYLSTON,MA,01505-1523,42.355049,-71.716157,0
3c88d3fb-826a-3bc6-8613-b2da0be45091,395a9f52-1f2d-35cd-8cfe-35e2771f8921,César846 Agosto501,M,GENERAL PRACTICE,567 CENTRAL ST,BOYLSTON,MA,01505-1523,42.355049,-71.716157,60
7d7cc7ac-3e28-3100-9515-bdfafd871f91,4b763c09-b201-30b8-bb68-8e69a7063970,Miranda712 Bergstrom287,F,OPTOMETRY,1587 BLUE HILL AVE,MATTAPAN,MA,02126-2122,42.33196,-71.020173,0
4d830e17-7a24-329d-98f2-afaba0b0f440,4b763c09-b201-30b8-bb68-8e69a7063970,Barry322 Torp761,M,OPTOMETRY,1587 BLUE HILL AVE,MATTAPAN,MA,02126-2122,42.33196,-71.020173,0
4f0d441d-60eb-3598-b19a-a5c5ec94bfa5,4b763c09-b201-30b8-bb68-8e69a7063970,Reynalda736 Keebler762,F,OPTOMETRY,1587 BLUE HILL AVE,MATTAPAN,MA,02126-2122,42.33196,-71.020173,0
8a055db1-f3c7-32ab-bfc4-3b1a177be465,4b763c09-b201-30b8-bb68-8e69a7063970,Olympia319 Franecki195,F,OPTOMETRY,1587 BLUE HILL AVE,MATTAPAN,MA,02126-2122,42.33196,-71.020173,0
660241ca-60e5-3585-ad6d-0b19f7e404d8,4b763c09-b201-30b8-bb68-8e69a7063970,Roderick835 Bergstrom287,M,GENERAL PRACTICE,1587 BLUE HILL AVE,MATTAPAN,MA,02126-2122,42.33196,-71.020173,67
5871aeaf-3f61-3531-9f43-5c84b46486e4,76fcc5a2-ce75-3662-8763-1d53b733cef9,Loyd638 Kutch271,M,GENERAL PRACTICE,25 OLD WESTPORT RD,DARTMOUTH,MA,02747-2537,41.56651,-70.958229,28
dca0f465-6511-34dd-8819-dc250eafeeb3,0f6eba19-ad14-3643-895a-9c6b29d2ffc2,Avelina400 Russel238,F,GENERAL PRACTICE,289 PLEASANT ST,FALL RIVER,MA,02721-3005,41.725351,-71.094162,40
9583f5e1-b9d8-3911-b3f5-a936888f4603,0e173633-0efb-33b9-855e-06f1edbd1308,Marlena558 Pagac496,F,FAMILY PRACTICE,40 REVERE ST,CANTON,MA,02021-2923,42.175737,-71.125385,0
b0381764-d334-3a06-bcd4-b88451b7a751,0e173633-0efb-33b9-855e-06f1edbd1308,Jess275 Pagac496,M,GENERAL PRACTICE,40 REVERE ST,CANTON,MA,02021-2923,42.175737,-71.125385,16
0f73e77b-6445-33cb-a4be-1da10d5d6864,c29794ec-7d16-3467-89d8-02637a9b127e,Wes853 Greenholt190,M,GENERAL PRACTICE,100 AMESBURY ST,LAWRENCE,MA,01842-1321,42.700272999999996,-71.161357,58
0af1d920-142d-3fe7-8fcb-e728796cf69a,8c35036f-47d7-3e93-9410-e6f7acd9cc77,Antoine384 Wilkinson796,M,PULMONARY DISEASE,94 MENDON ST,HOPEDALE,MA,01747-1311,42.123007,-71.53140400000001,0
8889b066-b650-3aae-8f64-74f1f1b8ad41,8c35036f-47d7-3e93-9410-e6f7acd9cc77,Luz785 Valentín837,F,PULMONARY DISEASE,94 MENDON ST,HOPEDALE,MA,01747-1311,42.123007,-71.53140400000001,0
4ac0b768-4e4f-3da6-98b8-382c46d43651,8c35036f-47d7-3e93-9410-e6f7acd9cc77,Scotty190 Boehm581,M,PULMONARY DISEASE,94 MENDON ST,HOPEDALE,MA,01747-1311,42.123007,-71.53140400000001,0
9cd35c5f-67d1-3920-ae02-d12c254546bd,8c35036f-47d7-3e93-9410-e6f7acd9cc77,Marry53 Wilkinson796,F,NURSE PRACTITIONER,94 MENDON ST,HOPEDALE,MA,01747-1311,42.123007,-71.53140400000001,0
c3c49a3b-98f3-3f81-95cb-6d09bd7bb097,8c35036f-47d7-3e93-9410-e6f7acd9cc77,Lyndia317 Rutherford999,F,NURSE PRACTITIONER,94 MENDON ST,HOPEDALE,MA,01747-1311,42.123007,-71.53140400000001,0
f2c5d080-1f92-3945-afbe-1ed6496457f7,8c35036f-47d7-3e93-9410-e6f7acd9cc77,Scotty190 Boehm581,M,NURSE PRACTITIONER,94 MENDON ST,HOPEDALE,MA,01747-1311,42.123007,-71.53140400000001,0
9f5a4ae3-9cec-3ec7-86ef-d3a85da472d3,8c35036f-47d7-3e93-9410-e6f7acd9cc77,Daniel959 Turcotte120,F,NURSE PRACTITIONER,94 MENDON ST,HOPEDALE,MA,01747-1311,42.123007,-71.53140400000001,0
ae1c2df5-6ec4-36d5-870a-d161577d5b58,8c35036f-47d7-3e93-9410-e6f7acd9cc77,Ginny287 Farrell962,F,NURSE PRACTITIONER,94 MENDON ST,HOPEDALE,MA,01747-1311,42.123007,-71.53140400000001,0
4b3399f6-6096-3357-bd1d-750f5d48b5fb,8c35036f-47d7-3e93-9410-e6f7acd9cc77,Etsuko685 Gleason633,F,NURSE PRACTITIONER,94 MENDON ST,HOPEDALE,MA,01747-1311,42.123007,-71.53140400000001,0
3336909b-c263-3315-9cde-a664ab00ffc1,8c35036f-47d7-3e93-9410-e6f7acd9cc77,Marry53 Wilkinson796,F,CARDIOVASCULAR DISEASE (CARDIOLOGY),94 MENDON ST,HOPEDALE,MA,01747-1311,42.123007,-71.53140400000001,0
4fc6c1f3-fc6b-3904-8626-0b84500b3529,8c35036f-47d7-3e93-9410-e6f7acd9cc77,Lyndia317 Rutherford999,F,CARDIOVASCULAR DISEASE (CARDIOLOGY),94 MENDON ST,HOPEDALE,MA,01747-1311,42.123007,-71.53140400000001,0
66116334-7b2c-3096-b611-560985ec591d,8c35036f-47d7-3e93-9410-e6f7acd9cc77,Antoine384 Wilkinson796,M,ALLERGY/IMMUNOLOGY,94 MENDON ST,HOPEDALE,MA,01747-1311,42.123007,-71.53140400000001,0
3ee49d6f-6de7-3458-81ab-599e485cda30,8c35036f-47d7-3e93-9410-e6f7acd9cc77,Marry53 Wilkinson796,F,HOSPICE/PALLIATIVE CARE,94 MENDON ST,HOPEDALE,MA,01747-1311,42.123007,-71.53140400000001,0
0fea5264-5d6b-3ef5-8a7f-22bb77eff095,8c35036f-47d7-3e93-9410-e6f7acd9cc77,Antoine384 Wilkinson796,M,PHYSICIAN ASSISTANT,94 MENDON ST,HOPEDALE,MA,01747-1311,42.123007,-71.53140400000001,0
daccb017-e485-3ec3-aaff-5115fee4255e,8c35036f-47d7-3e93-9410-e6f7acd9cc77,Lyndia317 Rutherford999,F,PHYSICIAN ASSISTANT,94 MENDON ST,HOPEDALE,MA,01747-1311,42.123007,-71.53140400000001,0
98639a5c-00f6-36bd-943c-8ddd3b56a54e,8c35036f-47d7-3e93-9410-e6f7acd9cc77,Doris153 Boehm581,F,PHYSICIAN ASSISTANT,94 MENDON ST,HOPEDALE,MA,01747-1311,42.123007,-71.53140400000001,0
468be26a-1275-3924-a690-09eb13516806,8c35036f-47d7-3e93-9410-e6f7acd9cc77,Bryant814 Turcotte120,M,PHYSICIAN ASSISTANT,94 MENDON ST,HOPEDALE,MA,01747-1311,42.123007,-71.53140400000001,0
24d3ebe9-6306-38cf-b308-a8f3967b8539,8c35036f-47d7-3e93-9410-e6f7acd9cc77,Marry53 Wilkinson796,F,RHEUMATOLOGY,94 MENDON ST,HOPEDALE,MA,01747-1311,42.123007,-71.53140400000001,0
df9aceb1-170a-338d-ba92-4569167ed928,8c35036f-47d7-3e93-9410-e6f7acd9cc77,Lyndia317 Rutherford999,F,RHEUMATOLOGY,94 MENDON ST,HOPEDALE,MA,01747-1311,42.123007,-71.53140400000001,0
238b2b55-4198-3a20-87d2-6cd545620d4c,8c35036f-47d7-3e93-9410-e6f7acd9cc77,Scotty190 Boehm581,M,RHEUMATOLOGY,94 MENDON ST,HOPEDALE,MA,01747-1311,42.123007,-71.53140400000001,0
900140a3-dc7b-34ae-8b70-71f89b6b9edf,8c35036f-47d7-3e93-9410-e6f7acd9cc77,Mariano761 Villanueva621,M,FAMILY PRACTICE,94 MENDON ST,HOPEDALE,MA,01747-1311,42.123007,-71.53140400000001,0
c9927607-6a26-3fc4-9546-f646e89d04b1,8c35036f-47d7-3e93-9410-e6f7acd9cc77,Ellis535 Rutherford999,M,FAMILY PRACTICE,94 MENDON ST,HOPEDALE,MA,01747-1311,42.123007,-71.53140400000001,0
5432dde8-6c56-34d3-ba6c-c8fface7a686,8c35036f-47d7-3e93-9410-e6f7acd9cc77,Doris153 Boehm581,F,FAMILY PRACTICE,94 MENDON ST,HOPEDALE,MA,01747-1311,42.123007,-71.53140400000001,0
63744e7c-3f9f-3892-a144-b1dee38577cc,8c35036f-47d7-3e93-9410-e6f7acd9cc77,Bryant814 Turcotte120,M,FAMILY PRACTICE,94 MENDON ST,HOPEDALE,MA,01747-1311,42.123007,-71.53140400000001,0
1544fe8e-9f05-374a-ac73-ea0f6ec3478f,8c35036f-47d7-3e93-9410-e6f7acd9cc77,Marry53 Wilkinson796,F,SURGICAL ONCOLOGY,94 MENDON ST,HOPEDALE,MA,01747-1311,42.123007,-71.53140400000001,0
fd36c98b-fea1-3cd7-ad0f-7efda508b20b,8c35036f-47d7-3e93-9410-e6f7acd9cc77,Antoine384 Wilkinson796,M,HOSPITALIST,94 MENDON ST,HOPEDALE,MA,01747-1311,42.123007,-71.53140400000001,0
5baeb032-441f-3507-bc7b-28cfc09bfd1b,8c35036f-47d7-3e93-9410-e6f7acd9cc77,Marry53 Wilkinson796,F,GYNECOLOGICAL ONCOLOGY,94 MENDON ST,HOPEDALE,MA,01747-1311,42.123007,-71.53140400000001,0
d93f1de3-ab33-3820-b2a2-b043751c9af1,8c35036f-47d7-3e93-9410-e6f7acd9cc77,Antoine384 Wilkinson796,M,AUDIOLOGIST,94 MENDON ST,HOPEDALE,MA,01747-1311,42.123007,-71.53140400000001,0
4c778e41-5fea-3bcc-8987-ee95fd3b437d,8c35036f-47d7-3e93-9410-e6f7acd9cc77,Marry53 Wilkinson796,F,OBSTETRICS/GYNECOLOGY,94 MENDON ST,HOPEDALE,MA,01747-1311,42.123007,-71.53140400000001,0
1f114249-b061-3a66-80ea-13301d853481,8c35036f-47d7-3e93-9410-e6f7acd9cc77,Lyndia317 Rutherford999,F,OBSTETRICS/GYNECOLOGY,94 MENDON ST,HOPEDALE,MA,01747-1311,42.123007,-71.53140400000001,0
fb4552d7-037c-345a-9aa7-0bdd25d875bb,8c35036f-47d7-3e93-9410-e6f7acd9cc77,Scotty190 Boehm581,M,OBSTETRICS/GYNECOLOGY,94 MENDON ST,HOPEDALE,MA,01747-1311,42.123007,-71.53140400000001,0
8b275f93-b4c7-3ccf-bd52-12989c2875bd,8c35036f-47d7-3e93-9410-e6f7acd9cc77,Daniel959 Turcotte120,F,OBSTETRICS/GYNECOLOGY,94 MENDON ST,HOPEDALE,MA,01747-1311,42.123007,-71.53140400000001,0
de174356-1dc4-3450-bd02-8ec0bf51cfa5,8c35036f-47d7-3e93-9410-e6f7acd9cc77,Marry53 Wilkinson796,F,UROLOGY,94 MENDON ST,HOPEDALE,MA,01747-1311,42.123007,-71.53140400000001,0
2224f90d-f176-33fc-bf48-32919ec6c641,8c35036f-47d7-3e93-9410-e6f7acd9cc77,Ellis535 Rutherford999,M,UROLOGY,94 MENDON ST,HOPEDALE,MA,01747-1311,42.123007,-71.53140400000001,0
290cdd9f-5b7d-35ed-a974-ad2bdb5d472a,8c35036f-47d7-3e93-9410-e6f7acd9cc77,Antoine384 Wilkinson796,M,GENERAL PRACTICE,94 MENDON ST,HOPEDALE,MA,01747-1311,42.123007,-71.53140400000001,14
859d6ea6-fdaa-38fb-a940-f5497375ecb7,8c35036f-47d7-3e93-9410-e6f7acd9cc77,Antoine384 Wilkinson796,M,ENDOCRINOLOGY,94 MENDON ST,HOPEDALE,MA,01747-1311,42.123007,-71.53140400000001,0
9dcf5063-3ebc-3de8-ba85-97e49bca4289,8c35036f-47d7-3e93-9410-e6f7acd9cc77,Lyndia317 Rutherford999,F,ENDOCRINOLOGY,94 MENDON ST,HOPEDALE,MA,01747-1311,42.123007,-71.53140400000001,0
a7410e4b-3d74-36d1-be79-294edc225af5,8c35036f-47d7-3e93-9410-e6f7acd9cc77,Antoine384 Wilkinson796,M,INTERNAL MEDICINE,94 MENDON ST,HOPEDALE,MA,01747-1311,42.123007,-71.53140400000001,0
1f9d5572-f1b5-3c70-bf7f-9eb48688bc00,8c35036f-47d7-3e93-9410-e6f7acd9cc77,Lyndia317 Rutherford999,F,INTERNAL MEDICINE,94 MENDON ST,HOPEDALE,MA,01747-1311,42.123007,-71.53140400000001,0
7d9f980d-d5e6-3d7e-ac65-8b141f65418b,8c35036f-47d7-3e93-9410-e6f7acd9cc77,Scotty190 Boehm581,M,INTERNAL MEDICINE,94 MENDON ST,HOPEDALE,MA,01747-1311,42.123007,-71.53140400000001,0
f8473f8b-824c-3399-ade2-c6f1882ce494,8c35036f-47d7-3e93-9410-e6f7acd9cc77,Daniel959 Turcotte120,F,INTERNAL MEDICINE,94 MENDON ST,HOPEDALE,MA,01747-1311,42.123007,-71.53140400000001,0
4c07d022-9032-31c6-94ce-1c396d19b0ef,8c35036f-47d7-3e93-9410-e6f7acd9cc77,Ginny287 Farrell962,F,INTERNAL MEDICINE,94 MENDON ST,HOPEDALE,MA,01747-1311,42.123007,-71.53140400000001,0
8e08f70a-b01c-37c7-9522-d70560040418,8c35036f-47d7-3e93-9410-e6f7acd9cc77,Lesley194 Gleason633,M,INTERNAL MEDICINE,94 MENDON ST,HOPEDALE,MA,01747-1311,42.123007,-71.53140400000001,0
5caa3866-d45b-38cf-afa9-b9a4d06763ad,8c35036f-47d7-3e93-9410-e6f7acd9cc77,Chris95 Mayer370,M,INTERNAL MEDICINE,94 MENDON ST,HOPEDALE,MA,01747-1311,42.123007,-71.53140400000001,0
a7f8a0d5-8155-3727-9bed-51c5f5f573e6,8c35036f-47d7-3e93-9410-e6f7acd9cc77,Harold594 Huel628,M,INTERNAL MEDICINE,94 MENDON ST,HOPEDALE,MA,01747-1311,42.123007,-71.53140400000001,0
8f29db10-c9eb-3e45-90c1-d959616ecab2,8c35036f-47d7-3e93-9410-e6f7acd9cc77,Garth972 Reichel38,M,INTERNAL MEDICINE,94 MENDON ST,HOPEDALE,MA,01747-1311,42.123007,-71.53140400000001,0
65bc92f6-6ebd-3f5e-b683-d7b2e8b40dac,8c35036f-47d7-3e93-9410-e6f7acd9cc77,Brook779 Lind531,F,INTERNAL MEDICINE,94 MENDON ST,HOPEDALE,MA,01747-1311,42.123007,-71.53140400000001,0
9e2b3d3e-a528-3d3c-8a48-674d0c0f7539,8c35036f-47d7-3e93-9410-e6f7acd9cc77,Mitchell808 Kerluke267,F,INTERNAL MEDICINE,94 MENDON ST,HOPEDALE,MA,01747-1311,42.123007,-71.53140400000001,0
c8938c62-8f85-399a-b67b-019990700985,8c35036f-47d7-3e93-9410-e6f7acd9cc77,Sherman440 Funk324,M,INTERNAL MEDICINE,94 MENDON ST,HOPEDALE,MA,01747-1311,42.123007,-71.53140400000001,0
041850ac-eb30-3dda-ad68-0104c1f4f445,8c35036f-47d7-3e93-9410-e6f7acd9cc77,Hershel911 Maggio310,M,INTERNAL MEDICINE,94 MENDON ST,HOPEDALE,MA,01747-1311,42.123007,-71.53140400000001,0
3ffdb61c-12ae-395c-a68a-c9b3286ae298,8c35036f-47d7-3e93-9410-e6f7acd9cc77,Miquel905 Homenick806,M,INTERNAL MEDICINE,94 MENDON ST,HOPEDALE,MA,01747-1311,42.123007,-71.53140400000001,0
67a82b8a-8ba5-3ac3-9219-c0ad8e1149fe,8c35036f-47d7-3e93-9410-e6f7acd9cc77,Ivette731 Ward668,F,INTERNAL MEDICINE,94 MENDON ST,HOPEDALE,MA,01747-1311,42.123007,-71.53140400000001,0
46efd0b7-286c-3b10-aa21-ee67000b64bc,8c35036f-47d7-3e93-9410-e6f7acd9cc77,Ginger664 Rodriguez71,F,INTERNAL MEDICINE,94 MENDON ST,HOPEDALE,MA,01747-1311,42.123007,-71.53140400000001,0
f7c69a1d-92aa-326a-93d3-b0efb3d71b9a,8c35036f-47d7-3e93-9410-e6f7acd9cc77,Barbara209 Holguín308,F,INTERNAL MEDICINE,94 MENDON ST,HOPEDALE,MA,01747-1311,42.123007,-71.53140400000001,0
3e08f062-6f99-3ade-95d6-ce134190d66c,8c35036f-47d7-3e93-9410-e6f7acd9cc77,Twila243 Swift555,F,INTERNAL MEDICINE,94 MENDON ST,HOPEDALE,MA,01747-1311,42.123007,-71.53140400000001,0
e9a9a61a-1031-3e7c-ac17-682c3005a920,8c35036f-47d7-3e93-9410-e6f7acd9cc77,Vicente970 Douglas31,M,INTERNAL MEDICINE,94 MENDON ST,HOPEDALE,MA,01747-1311,42.123007,-71.53140400000001,0
70aef4da-b744-313b-9071-0a8fb6de5100,8c35036f-47d7-3e93-9410-e6f7acd9cc77,Jae222 Ferry570,M,INTERNAL MEDICINE,94 MENDON ST,HOPEDALE,MA,01747-1311,42.123007,-71.53140400000001,0
f2c79ce3-42f9-3752-9644-07cd0477d5ba,8c35036f-47d7-3e93-9410-e6f7acd9cc77,Sun500 Sipes176,F,INTERNAL MEDICINE,94 MENDON ST,HOPEDALE,MA,01747-1311,42.123007,-71.53140400000001,0
6526e23b-6bf4-3e69-a53b-67216c547f9e,8c35036f-47d7-3e93-9410-e6f7acd9cc77,Herb645 O'Conner199,M,INTERNAL MEDICINE,94 MENDON ST,HOPEDALE,MA,01747-1311,42.123007,-71.53140400000001,0
b6edf406-797f-3c1f-891d-6063f84ce770,8c35036f-47d7-3e93-9410-e6f7acd9cc77,Mario764 Dietrich576,M,INTERNAL MEDICINE,94 MENDON ST,HOPEDALE,MA,01747-1311,42.123007,-71.53140400000001,0
8fa24086-03cf-386a-8f60-d05388f9ae5e,8c35036f-47d7-3e93-9410-e6f7acd9cc77,Tomiko229 Ankunding277,F,INTERNAL MEDICINE,94 MENDON ST,HOPEDALE,MA,01747-1311,42.123007,-71.53140400000001,0
3dbf4a34-f1ca-33bd-8aa9-596118b9cfb5,94e3c32a-69b3-323e-9d98-0643b2179c3e,Lois157 Macejkovic424,F,PHYSICAL THERAPY,3 FERRY ST F,HAVERHILL,MA,01835-7442,42.782945,-71.087436,0
1f92afa2-03e9-3d66-8725-91f8ab9e8d82,94e3c32a-69b3-323e-9d98-0643b2179c3e,Angelo118 Metz686,M,PHYSICAL THERAPY,3 FERRY ST F,HAVERHILL,MA,01835-7442,42.782945,-71.087436,0
ae437c3c-f1f6-317e-8791-2effb0dfdb16,94e3c32a-69b3-323e-9d98-0643b2179c3e,Marcelino726 Ruecker817,M,PHYSICAL THERAPY,3 FERRY ST F,HAVERHILL,MA,01835-7442,42.782945,-71.087436,0
2da04f4e-070b-3614-a3d6-5074d456b803,94e3c32a-69b3-323e-9d98-0643b2179c3e,Clark193 McClure239,M,PHYSICAL THERAPY,3 FERRY ST F,HAVERHILL,MA,01835-7442,42.782945,-71.087436,0
97efde1b-f870-3029-b6b7-6cc0a5c954d8,94e3c32a-69b3-323e-9d98-0643b2179c3e,Claris36 Champlin946,F,PHYSICAL THERAPY,3 FERRY ST F,HAVERHILL,MA,01835-7442,42.782945,-71.087436,0
266e14e5-a0ab-3b8b-bc19-f64698ac36ee,94e3c32a-69b3-323e-9d98-0643b2179c3e,Carmon128 Welch179,F,PHYSICAL THERAPY,3 FERRY ST F,HAVERHILL,MA,01835-7442,42.782945,-71.087436,0
149efd00-7700-3c8a-888e-f29cadcf1426,94e3c32a-69b3-323e-9d98-0643b2179c3e,Renate369 Funk324,F,PHYSICAL THERAPY,3 FERRY ST F,HAVERHILL,MA,01835-7442,42.782945,-71.087436,0
5732892a-c961-37ec-97fe-5afbbc2c6824,94e3c32a-69b3-323e-9d98-0643b2179c3e,Odette203 Bins636,F,PHYSICAL THERAPY,3 FERRY ST F,HAVERHILL,MA,01835-7442,42.782945,-71.087436,0
a5b8a336-d072-3312-a0e3-db44ced603c7,94e3c32a-69b3-323e-9d98-0643b2179c3e,Somer38 Jacobi462,F,PHYSICAL THERAPY,3 FERRY ST F,HAVERHILL,MA,01835-7442,42.782945,-71.087436,0
7ef015ef-bedb-3d97-9b0e-e4b5069d0074,94e3c32a-69b3-323e-9d98-0643b2179c3e,Seema671 Kertzmann286,F,PHYSICAL THERAPY,3 FERRY ST F,HAVERHILL,MA,01835-7442,42.782945,-71.087436,0
b2afd21f-7085-39b3-8bc0-8c606517ef7c,94e3c32a-69b3-323e-9d98-0643b2179c3e,Reina25 Galarza986,F,PHYSICAL THERAPY,3 FERRY ST F,HAVERHILL,MA,01835-7442,42.782945,-71.087436,0
2cae3f74-03b2-3791-be23-9c905791f30d,94e3c32a-69b3-323e-9d98-0643b2179c3e,Lois157 Macejkovic424,F,GENERAL PRACTICE,3 FERRY ST F,HAVERHILL,MA,01835-7442,42.782945,-71.087436,35
97d8599d-08ac-3a1f-a123-2b0502b503ef,a0f92a63-5680-3227-bda4-8e53a5577f89,Palma671 Fay398,F,GENERAL PRACTICE,391 BROADWAY,EVERETT,MA,02149-3471,42.405938,-71.054649,26
05456a1a-b59a-32a7-8c63-e6f6bed5d4fb,5ce0f225-3202-3c0a-af71-78ddb9071ffb,Graig740 Kris249,M,NURSE PRACTITIONER,545 BEDFORD ST,BRIDGEWATER,MA,02324-3117,41.972376000000004,-70.978773,0
45089cde-a3cc-3929-9ebf-27687dc60511,5ce0f225-3202-3c0a-af71-78ddb9071ffb,Graig740 Kris249,M,OBSTETRICS/GYNECOLOGY,545 BEDFORD ST,BRIDGEWATER,MA,02324-3117,41.972376000000004,-70.978773,0
ca31adad-548d-3851-b45e-81d2f564bd80,5ce0f225-3202-3c0a-af71-78ddb9071ffb,Emiko501 Kris249,F,FAMILY PRACTICE,545 BEDFORD ST,BRIDGEWATER,MA,02324-3117,41.972376000000004,-70.978773,0
1d34b649-6589-30d4-9a2a-1fdbe4e2be7c,5ce0f225-3202-3c0a-af71-78ddb9071ffb,Cristobal567 Arredondo74,M,FAMILY PRACTICE,545 BEDFORD ST,BRIDGEWATER,MA,02324-3117,41.972376000000004,-70.978773,0
fcbabc42-3a26-38fd-90fc-26416482ba82,5ce0f225-3202-3c0a-af71-78ddb9071ffb,Graig740 Kris249,M,GENERAL PRACTICE,545 BEDFORD ST,BRIDGEWATER,MA,02324-3117,41.972376000000004,-70.978773,47
c60bc42d-7426-3a03-ab8b-00f85c713398,5ce0f225-3202-3c0a-af71-78ddb9071ffb,Emiko501 Kris249,F,INTERNAL MEDICINE,545 BEDFORD ST,BRIDGEWATER,MA,02324-3117,41.972376000000004,-70.978773,0
6dd43ed7-af8b-3452-8379-2de08e8da8e8,5ce0f225-3202-3c0a-af71-78ddb9071ffb,Mason910 Gulgowski816,M,INTERNAL MEDICINE,545 BEDFORD ST,BRIDGEWATER,MA,02324-3117,41.972376000000004,-70.978773,0
c14c7f38-09d6-3e3c-99b0-4d063add5d02,5ce0f225-3202-3c0a-af71-78ddb9071ffb,Susanne275 Mohr916,F,INTERNAL MEDICINE,545 BEDFORD ST,BRIDGEWATER,MA,02324-3117,41.972376000000004,-70.978773,0
a8b5923f-6a96-378a-8df4-f7b1c6ea3e50,58cc9932-9185-3dfe-8b6a-832abe9fab9c,Kieth891 Wiegand701,M,GENERAL PRACTICE,340 THOMPSON RD,WEBSTER,MA,01570-1509,42.047075,-71.845805,18
23569333-25a9-37d0-a3ec-2d6fbd4a2fb8,9e4fd3b4-7a24-3a9d-b8b4-2d7ca4144024,Osvaldo336 Terry864,M,GENERAL PRACTICE,535 FAUNCE CORNER RD,DARTMOUTH,MA,02747-1242,41.56651,-70.958229,24
b9ac2e36-5abf-344a-ae51-c0ba0340bd7e,aba8963a-6ee6-3f10-8d9f-16fe178e2ef3,Lawrence741 Lueilwitz711,M,NURSE PRACTITIONER,510 BOSTON RD,BILLERICA,MA,01821-2811,42.559673,-71.260947,0
50a0e202-4638-3234-a1f6-2f86454f6ec0,aba8963a-6ee6-3f10-8d9f-16fe178e2ef3,Ryan260 Hilpert278,M,NURSE PRACTITIONER,510 BOSTON RD,BILLERICA,MA,01821-2811,42.559673,-71.260947,0
0cb37a67-9c46-32df-a988-8c154db9f410,aba8963a-6ee6-3f10-8d9f-16fe178e2ef3,Robbie31 Predovic534,M,NURSE PRACTITIONER,510 BOSTON RD,BILLERICA,MA,01821-2811,42.559673,-71.260947,0
7981bee4-3c6b-3d8a-8ac3-c22a636235f3,aba8963a-6ee6-3f10-8d9f-16fe178e2ef3,Aubrey96 Larkin917,M,NURSE PRACTITIONER,510 BOSTON RD,BILLERICA,MA,01821-2811,42.559673,-71.260947,0
526cf40c-7b1e-3ef3-a55b-986a8d13cac8,aba8963a-6ee6-3f10-8d9f-16fe178e2ef3,Rafaela464 Shanahan202,F,NURSE PRACTITIONER,510 BOSTON RD,BILLERICA,MA,01821-2811,42.559673,-71.260947,0
45965b4d-fece-39de-8587-24ddda6390cb,aba8963a-6ee6-3f10-8d9f-16fe178e2ef3,Nicola388 Stracke611,F,NURSE PRACTITIONER,510 BOSTON RD,BILLERICA,MA,01821-2811,42.559673,-71.260947,0
7b3260fe-5d76-340c-a701-394a1db7fbca,aba8963a-6ee6-3f10-8d9f-16fe178e2ef3,Sherry479 Dickens475,F,NURSE PRACTITIONER,510 BOSTON RD,BILLERICA,MA,01821-2811,42.559673,-71.260947,0
283cb048-5fbc-3ea5-9c15-cb970fc2136a,aba8963a-6ee6-3f10-8d9f-16fe178e2ef3,Sadye922 Adams676,F,NURSE PRACTITIONER,510 BOSTON RD,BILLERICA,MA,01821-2811,42.559673,-71.260947,0
e74bcba0-a5a7-3930-9078-b8d2e5a39d69,aba8963a-6ee6-3f10-8d9f-16fe178e2ef3,Lawrence741 Lueilwitz711,M,EMERGENCY MEDICINE,510 BOSTON RD,BILLERICA,MA,01821-2811,42.559673,-71.260947,0
7fba114d-75a2-3dde-880e-e1f47530c850,aba8963a-6ee6-3f10-8d9f-16fe178e2ef3,Tasha327 Hilpert278,F,EMERGENCY MEDICINE,510 BOSTON RD,BILLERICA,MA,01821-2811,42.559673,-71.260947,0
fd3b4789-53df-3c0a-94fa-f5fd3d4c6d47,aba8963a-6ee6-3f10-8d9f-16fe178e2ef3,Valerie954 Lueilwitz711,F,PHYSICIAN ASSISTANT,510 BOSTON RD,BILLERICA,MA,01821-2811,42.559673,-71.260947,0
c1f58ec5-c663-3e0d-99f8-ba0911c015fd,aba8963a-6ee6-3f10-8d9f-16fe178e2ef3,Valerie954 Lueilwitz711,F,FAMILY PRACTICE,510 BOSTON RD,BILLERICA,MA,01821-2811,42.559673,-71.260947,0
f5fb3d58-0e3b-3d07-8452-2417ecefa81d,aba8963a-6ee6-3f10-8d9f-16fe178e2ef3,Tasha327 Hilpert278,F,FAMILY PRACTICE,510 BOSTON RD,BILLERICA,MA,01821-2811,42.559673,-71.260947,0
c0931369-7e44-36b0-a140-71073808180b,aba8963a-6ee6-3f10-8d9f-16fe178e2ef3,Chin306 Predovic534,F,FAMILY PRACTICE,510 BOSTON RD,BILLERICA,MA,01821-2811,42.559673,-71.260947,0
47787413-9b6b-3103-aa67-1b535a04693f,aba8963a-6ee6-3f10-8d9f-16fe178e2ef3,Valerie954 Lueilwitz711,F,GENERAL PRACTICE,510 BOSTON RD,BILLERICA,MA,01821-2811,42.559673,-71.260947,40
9647bd79-74aa-38a7-96c3-34ec790d56cb,f66dc930-9afa-3994-8676-0c23f1d3d7a3,Gabriel934 Arreola736,M,NURSE PRACTITIONER,18 MAIN ST HARBOR VLG,TOWNSEND,MA,01469-1300,42.66495,-71.712025,0
c23a986f-11ea-377c-a7d3-7f2138daebdd,f66dc930-9afa-3994-8676-0c23f1d3d7a3,Joseph689 Okuneva707,M,NURSE PRACTITIONER,18 MAIN ST HARBOR VLG,TOWNSEND,MA,01469-1300,42.66495,-71.712025,0
200bfa02-0891-3695-9f35-7cec9778a8d2,f66dc930-9afa-3994-8676-0c23f1d3d7a3,Jerlene697 Spencer878,F,FAMILY PRACTICE,18 MAIN ST HARBOR VLG,TOWNSEND,MA,01469-1300,42.66495,-71.712025,0
dae3af30-5332-3903-a647-b45ed942d77d,f66dc930-9afa-3994-8676-0c23f1d3d7a3,Joseph689 Okuneva707,M,FAMILY PRACTICE,18 MAIN ST HARBOR VLG,TOWNSEND,MA,01469-1300,42.66495,-71.712025,0
f94b43f4-e7b9-3ce1-9fc7-2ca6a2651da4,f66dc930-9afa-3994-8676-0c23f1d3d7a3,Jerlene697 Spencer878,F,GENERAL PRACTICE,18 MAIN ST HARBOR VLG,TOWNSEND,MA,01469-1300,42.66495,-71.712025,20
e869fba3-5bca-3e49-a972-ffa045a12bee,51373f2a-2219-3391-8664-4978665c2546,Ellen406 Williamson769,F,GENERAL PRACTICE,673 BEDFORD ST,ABINGTON,MA,02351-1921,42.119966999999995,-70.957211,39
b826c29d-ca02-32d5-9afb-59ea4241d50d,b7a2f55d-5e61-3d07-9c48-a9c6c2bf6d54,Ida350 Tillman293,F,GENERAL PRACTICE,46 DAGGETT DR,WEST SPRINGFIELD,MA,01089-4638,42.125451,-72.649734,1
c1c38ae3-3134-35d8-b92c-00d2b50232d7,aa383493-9e47-3436-a1d1-f8e5a2d70da3,Mohamed943 Bernhard322,M,FAMILY PRACTICE,78 SUTTON AVE,OXFORD,MA,01540-1813,42.12826,-71.8671,0
de84a164-a05b-3e3d-8096-5391d88fd198,aa383493-9e47-3436-a1d1-f8e5a2d70da3,Mohamed943 Bernhard322,M,GENERAL PRACTICE,78 SUTTON AVE,OXFORD,MA,01540-1813,42.12826,-71.8671,26
456bf4fd-2b52-3a1f-8133-cc25236b1a43,cbdbf717-3814-31bb-b9f1-67339c1fd769,Rhett759 Mraz590,M,GENERAL PRACTICE,575 TURNPIKE ST,NORTH ANDOVER,MA,01845-5937,42.673909,-71.091334,45
6fedd846-bb36-33c4-a464-b0a71d73faa9,e8d2811e-b977-33a0-89f9-3e0c95887fbd,Mickey576 Beatty507,M,GENERAL PRACTICE,123 SUMMER ST,WORCESTER,MA,01608-1216,42.269478,-71.807783,38
181acfd5-e7f4-36f6-92ea-9c295fbfc137,56ec547f-c711-311d-b5ec-6dcc9ac0a00a,Jamar151 Olson653,M,GENERAL PRACTICE,15 W ST,EAST DOUGLAS,MA,01516-2160,42.080784,-71.715992,41
e2599377-01d0-3221-a89c-056aa4d4da15,3a391ef2-6a65-3837-a006-f458a85e77da,Seymour882 Cartwright189,M,GENERAL PRACTICE,2110 DORCHESTER AVE,DORCHESTER CENTER,MA,02124-5628,42.33196,-71.020173,11
1d4d35c5-7fc2-3b3e-8f8b-d94182c88e21,ab907424-6645-3974-b0bc-a644f71afb0c,Zack583 Jones311,M,GENERAL PRACTICE,111 GROSSMAN DR,BRAINTREE,MA,02184-4945,42.205416,-71.00216800000003,34
203d9e06-490f-3e24-9054-547c17811bf4,c496d392-6507-3d49-97f6-6259470f0440,Warren653 Kemmer137,M,GENERAL PRACTICE,100 HIGHLAND ST,MILTON,MA,02186-3874,42.241557,-71.082432,6
374b9ea4-3e2e-3101-b400-291614d464d4,f076486c-76c1-32dc-9578-75f1d197a5db,Louie190 Beahan375,F,GENERAL PRACTICE,188 WORCESTER PROV TPKE,SUTTON,MA,01590-1908,42.132051000000004,-71.75031800000001,52
39e91c33-064b-36c7-9c73-66bfdae473ad,c2751801-8047-30ce-ba9b-72afebaae76a,Yajaira121 VonRueden376,F,UROLOGY,1 WALLACE BASHAW JR WAY,NEWBURYPORT,MA,01950,42.812358,-70.89109499999998,0
e7635e4f-9d4a-3b2a-912f-003989c0dfb5,c2751801-8047-30ce-ba9b-72afebaae76a,Travis723 Rippin620,F,UROLOGY,1 WALLACE BASHAW JR WAY,NEWBURYPORT,MA,01950,42.812358,-70.89109499999998,0
9be1a900-91be-388b-860e-a6ddf5b01396,c2751801-8047-30ce-ba9b-72afebaae76a,Yajaira121 VonRueden376,F,GENERAL PRACTICE,1 WALLACE BASHAW JR WAY,NEWBURYPORT,MA,01950,42.812358,-70.89109499999998,73
4d7a96eb-641c-32b7-b684-d1b49fdfd522,73ed2306-c57a-3f50-844a-24dc29bee6b3,Willia886 Kuhic920,F,GENERAL PRACTICE,170 MORTON ST,JAMAICA PLAIN,MA,02130-3735,42.33196,-71.020173,12
d705e321-cfeb-3b9e-ac70-2d3c8fc757f0,8c69c8f1-6e90-3a0d-af7d-332cc235b0c3,Chantell995 Bergstrom287,F,GENERAL PRACTICE,11 CABOT RD,WOBURN,MA,01801-1003,42.488769,-71.154438,43
e2a776bf-e22a-32f0-8e41-1c7525d9bf3d,d264d7d3-1734-3cb1-9734-29c88d09fa03,Jessie665 Schoen8,M,GENERAL PRACTICE,44 CENTRAL ST,BERLIN,MA,01503-1225,42.384929,-71.633889,51
d39f9383-de39-31c5-a6b5-60694be516d4,d264d7d3-1734-3cb1-9734-29c88d09fa03,Jessie665 Schoen8,M,INTERNAL MEDICINE,44 CENTRAL ST,BERLIN,MA,01503-1225,42.384929,-71.633889,0
651e0666-9697-3934-8be2-12b8f1b0fbeb,65ecdf62-6f9b-3051-824f-6f58a06fb732,Teodoro374 Glover433,M,GENERAL PRACTICE,66 E MAIN ST,GEORGETOWN,MA,01833-2112,42.726188,-70.983328,37
b0518fd0-6e3e-39ee-9771-cbc70f9c2fed,e2810e16-a3c8-3ac2-8360-d57b2217e75d,Ross213 Cassin499,M,NURSE PRACTITIONER,17 OAK ST,NEEDHAM,MA,02492-2470,42.281593,-71.242414,0
ff96bdd7-0bc2-39d8-b060-56aec1464764,e2810e16-a3c8-3ac2-8360-d57b2217e75d,Hertha832 Cassin499,F,GENERAL PRACTICE,17 OAK ST,NEEDHAM,MA,02492-2470,42.281593,-71.242414,31
3cc68403-6f87-3601-968f-ad9e1fcfad41,daff0685-8673-3a4a-b096-6e0c6284551d,Eun46 Purdy2,F,GENERAL PRACTICE,289 PLEASANT STREET,FALL RIVER,MA,2721,41.6983957,-71.1480617,1
b58110c0-6112-3b65-97ff-908b75dca1ad,92819cdc-db9e-387e-8c4f-4b2b4e8b2e4f,Zack583 Moore224,M,GENERAL PRACTICE,1230 BRIDGE STREET,LOWELL,MA,1850,42.6653405,-71.3038939,3
0b542b14-de9a-3390-9cb1-e5ec9d41aaec,0d1563c1-d56c-362e-9e3d-d74463ebbe0f,Rod343 Ritchie586,M,GENERAL PRACTICE,629 PLEASANT STREET,BROCKTON,MA,2301,42.0892313,-71.04551,9
c6968c9f-0082-392f-b0f5-f90526c70c8a,4e916854-3a59-3f17-bb16-7c406148d822,Retta782 Botsford977,F,GENERAL PRACTICE,1399 WASHINGTON STREET,HANOVER,MA,2339,42.144202,-70.844005,11
e6a295cc-f0fb-3b0d-974a-2d7cd413f342,7116c200-6663-3503-8314-1ee16845e5d3,Charlie254 Hartmann983,M,GENERAL PRACTICE,85 PARKHURST ROAD,CHELMSFORD,MA,1824,42.6257767,-71.3593401,9
ce0e4f62-cb8f-3003-92c1-2ff2a43a7459,cbbee84d-7644-3b24-9f41-e3747f5050df,Kassandra256 Schneider199,F,GENERAL PRACTICE,26 QUEEN STREET,WORCESTER,MA,1610,42.2590345,-71.8139319,63
8ac33bdd-e013-332d-8549-e59b7d244b68,f1313c7d-3148-335b-adc3-337f15567b82,Taylor21 VonRueden376,M,GENERAL PRACTICE,500 SALEM STREET,WILMINGTON,MA,1887,42.5805281,-71.1438654,8
a99e48ff-accb-3a47-b6c7-f14a8cb8dec3,e3f1676b-9b40-3544-af4e-17a06bbb98bb,Burt293 Cronin387,M,GENERAL PRACTICE,637 WASHINGTON STREET,DORCHESTER,MA,2124,42.2894365,-71.0719941,3
e75e7a5a-aa1a-3d91-8a7b-c0e89c4f5b2a,b81688f5-bd0e-3c99-963f-860d3e90ab5d,Milford485 Treutel973,M,GENERAL PRACTICE,581 BOYLSTON STREET,BOSTON,MA,2116,42.3505548,-71.0766054,6
8c856a0b-5537-37f5-830b-7de7035fb184,eeca3319-9cbf-382e-a7ee-43986c981135,Jermaine675 Balistreri607,M,GENERAL PRACTICE,58 TREMONT STREET,TAUNTON,MA,2780,41.9048719,-71.106073,1
38e61e80-6381-37ed-8277-f5144ea429ec,6e62e63b-c39a-3211-99d8-8b8f0f06774e,Arlen68 Nitzsche158,M,GENERAL PRACTICE,19 TACOMA STREET,WORCESTER,MA,1605,42.3023113,-71.7661395,18
45bf88c8-04a1-3c5b-8b6b-f4bf5c562dbc,62fa9127-485f-3032-87cc-6576d91fec94,Alfredia958 Gleichner915,F,GENERAL PRACTICE,1 ESSEX CENTER DRIVE,PEABODY,MA,1960,42.5369864,-70.9465423,21
907e3fac-d3e5-3c61-ac9b-53cf1aba0d2c,b60f8daf-0362-3c28-9b54-216e7f3e80bd,Samira471 Anderson154,F,GENERAL PRACTICE,1 TROWBRIDGE ROAD,BUZZARDS BAY,MA,2532,41.740785,-70.5980121,2
1449e3fe-7e9b-36e6-bd44-c4d7b30b5b0b,d672f853-e2a5-324e-98fa-c6d5f8dfc255,Graciela518 Orozco750,F,GENERAL PRACTICE,9 HOPE AVENUE,WALTHAM,MA,2453,42.3700513,-71.2490152,3
9c7c091e-dc87-3e2b-b484-6698a24dfc8a,98d42012-384f-39d9-b210-cc654b9441f6,Marvin195 Reichert620,M,GENERAL PRACTICE,525 LONG POND DRIVE,HARWICH,MA,2645,41.722586,-70.0372004,2
f09cb77d-eeee-3511-9f3e-67e5ff37a808,27f06acd-f732-3871-be87-889fef7d9010,Jamar151 Stark857,M,GENERAL PRACTICE,489 BERNARDSTON ROAD,GREENFIELD,MA,1301,42.6087525,-72.5857131,3
41a5d146-eced-3c77-b65c-f05069ebfcbe,7ffe74ac-786d-3c6d-bcb9-323352f6149c,Celina578 Koelpin146,F,GENERAL PRACTICE,140 CARANDO DRIVE,SPRINGFIELD,MA,1104,42.1463818,-72.5335973,1
b219ef87-4881-347e-8229-d010d5cf042c,a9afd4c9-8443-3b5a-a486-07c3bb109b3f,Sammie902 DuBuque211,M,GENERAL PRACTICE,444 MONTGOMERY STREET,CHICOPEE,MA,1020,42.1718584,-72.5849672,2
27a731a1-c978-3719-904d-9f15d22c6bc6,9b5f23f1-c387-3a77-9359-752d26d7f997,Karena692 Simonis280,F,GENERAL PRACTICE,250 PARADISE ROAD,SWAMPSCOTT,MA,1907,42.47636,-70.9125322,1
c73b0878-4ba0-399f-9e38-9e6656f2c10e,108ccece-277a-396f-8bf2-1527f74458eb,Matha641 Kilback373,F,GENERAL PRACTICE,51 LOCUST STREET,NORTHAMPTON,MA,1060,42.3323152,-72.6545646,26
ca83ca79-1239-34b7-aba7-dee3a9d27d8c,f7a6cc79-3075-3124-9f62-6fe562440b1d,Luther918 Marvin195,M,GENERAL PRACTICE,237 STATE ROAD,NORTH DARTMOUTH,MA,2747,41.6392025,-70.9815648,34
060e5ecb-dfb9-3ce8-a04d-dc20b1ea80fb,308b5efa-a9c2-3728-b1ff-d29c5f060731,Violeta106 Walter473,F,GENERAL PRACTICE,630 PLANTATION STREET,WORCESTER,MA,1605,42.2925591,-71.7603169,8
df5ed922-7149-397c-a489-4a034567f18e,90cf148c-69ed-3d33-aa86-b509c6b0b25f,Dwain139 Bailey598,M,GENERAL PRACTICE,170 GOVERNORS AVENUE,MEDFORD,MA,2155,42.4259086,-71.1113649,9
